text,intent
ఈ ఊరి ఫోటోగ్రాఫిక్ మ్యాప్ కావాలి,TravelPhotography
ఎయిర్‌పోర్ట్‌లో ఫ్లైట్ లేట్ అయింది,TravelDelay
తిరుపతిలో దర్షన్ కోసం వేచి ఉన్నాం వెయిటింగ్ రూమ్ లో ఫెసిలిటీస్ బాలేవు,TravelComplaint
kerala lo kathakali dance program tickets ela book cheyyali,CulturalTourism
Bhongir bus stand lo hearing impaired people ki info boards unnay?,PlatformInformation
shimla lo snow trekking experience ela untundi review cheppandi,TravelReview
ప్లాట్‌ఫారమ్ తెలియడం లేదు,NavigationHelp
ఏజెన్సీ ఏరియాలో మొబైల్ నెట్‌వర్క్ ఉండదు అక్కడ నావిగేషన్ కోసం ఏం చేయాలి,TravelTechnology
నేను రైలులో నా బ్యాగ్ మర్చిపోయాను,TravelAssistance
హైదరాబాద్‌లో బస్సు స్టాండ్ ఎక్కడ ఉందో తెలియడం లేదు గూగుల్ మ్యాప్స్ లో వేరే దారి చూపిస్తోంది ఏ బస్సు ఎక్కాలో ఎలా తెలుసుకోవాలి,NavigationHelp
రాత్రి 11 గంటలకు బస్సు దిగా ఇక్కడ హోటల్స్ ఏవీ తెరిచి లేవు,EmergencyTravel
ట్రెక్కింగ్ కి వెళ్ళేటప్పుడు తీసుకెళ్లాల్సిన ఎసెన్షియల్స్ లిస్ట్ పంపండి,TravelGuide
train lo water ledu washroom chala dirt ga undi complain ekkada cheyali,TravelComplaint
నేను రైలు టికెట్ బుక్ చేశాను అది కన్ఫర్మ్ కాలేదు,WaitingList
విజయవాడలో నేను టాక్సీ ఎలా బుక్ చేయాలి,Transportation
Guntur railway station lo vruddhula ku mariyu garbini la ku ticket counter vaddha waiting lekunda prathyeka queue unda?,AccessibilitySupport
kurnool daggara rural villages ni visit cheyadaniki guidance kavali,RuralTourism
బైక్ మీద లాంగ్ డ్రైవ్ వెళ్తున్నాను అరకు వెళ్లే మార్గంలో జాగ్రత్తలు ఏమి తీసుకోవాలి,TravelSafety
nenu correct bus stand lo unna,NavigationHelp
luggage weight extra charging,TravelComplaint
Suryapet railway stand lo wheelchair accessibility gurinchi infomation kavali?,AccessibilitySupport
ట్రెక్కింగ్ కి వెళ్ళేప్పుడు బూట్లు ఏవి వాడాలి,AdventureTravel
విశాఖలో బెస్ట్ సీఫుడ్ రెస్టారెంట్ ఏది,RestaurantSearch
Chittoor bus stand lo wheelchair access unna toilets ekkada unnay koncham detail ga cheppandi?,AccessibilitySupport
నేను ఫ్లైట్ కోసం ఎయిర్‌పోర్ట్ కి వెళ్తున్నాను ఎంత ముందు వెళ్లాలి,TravelPlanning
స్టేషన్లో ఎవరూ రెస్పాండ్ అవ్వడం లేదు,TravelComplaint
నేను ఎక్కాల్సిన ట్రైన్ ప్లాట్‌ఫారమ్ మార్చారు ఎస్కలేటర్ పనిచేయడం లేదు సామానుతో నేను ఎలా వెళ్ళాలి,NavigationHelp
ట్రైన్ ఎక్కేటప్పుడు తొక్కిసలాటలో నా బ్యాగ్ పగిలిపోయింది అందులో ఉన్న నా ల్యాప్‌టాప్ పాడైంది దీనికి ఎవరు నష్టపరిహారం చెల్లిస్తారు,LuggageIssue
సమ్మర్ లో హైదరాబాద్ ఎయిర్‌పోర్ట్‌లో కనీసం ఫ్యాన్ సౌకర్యం కూడా లేదు వేడి వల్ల నా పిల్లలు స్పృహ కోల్పోతున్నారు ఎయిర్‌పోర్ట్ అధికారులకు కంప్లైంట్ ఇవ్వాలి,TravelComplaint
నేను తెల్లవారుజామున తిరుపతి చేరుకుంటున్నాను అలిపిరి దగ్గర ఫ్రెష్ అవ్వడానికి గదులు దొరుకుతాయా,Accommodation
Kamareddy bus stand lo wheelchair users kosam separate entry gate unda?,AccessibilitySupport
ట్రైన్ ఎందుకు ఆగిపోయింది,TravelDelay
నేను బ్లైండ్ ట్రావెలర్‌ని సికింద్రాబాద్ స్టేషన్‌లో అనౌన్స్‌మెంట్ అస్సలు వినిపించడం లేదు ఏ ప్లాట్‌ఫారమ్ నుండి ట్రైన్ వెళ్తుందో నాకు అర్థం కావడం లేదు,NavigationHelp
ఈ ఊరిలో వైఫై ఫ్రీగా దొరుకుతుందా,TravelTechnology
నేను నా కుటుంబంతో కలిసి పికానిక్ వెళ్తున్నాను ఫుడ్ సేఫ్టీ ఎలా ఉంటుంది,FoodAndDining
Peddapalli bus stand lo elderly people ki special bus boarding facility unda?,AccessibilitySupport
ఈ ప్రాంతంలో గిరిజన కళాఖండాలు దొరికే షాపులు ఏవి,SouvenirShopping
Jogulamba Gadwal bus station lo pregnant women ki medical support unda?,TravelAssistance
Hyderabad lo late night dinner kosam best vegetarian restaurants chudali,RestaurantSearch
hyderabad lo weekend trips kosam best adventure parks,AdventureTravel
విశాఖపట్నం ఎయిర్ పోర్ట్ నుండి అరకు వెళ్లడానికి క్యాబ్ ఛార్జీలు ఎలా ఉంటాయి,TravelAssistance
Bus delay ayindi connection flight miss ayyi accommodation help kavali,TravelSupport
సికింద్రాబాద్ స్టేషన్ లో హెల్ప్,TravelSupport
Wanaparthy bus station lo hearing impaired passengers ki emergency info boards unnay?,PlatformInformation
అమరావతి సందర్శన,Tourism
Sangareddy depot nundi velle bus lo pregnant lady ki safety belts untaya leda?,TravelSafety
నేను డిజిటల్ నోమాడ్ ని ఇక్కడ నెలకు ఎంత ఖర్చు అవుతుంది,DigitalNomadTravel
హైదరాబాద్ నుండి బెంగుళూరు ఫ్లైట్ టికెట్ బుక్ చేశాను కానీ పేరు తప్పుగా పడింది ఎయిర్ పోర్ట్ లో ఏమైనా ప్రాబ్లమ్ అవుతుందా,TicketBooking
Solo trip vellali anukuntunna AP lo safe ga unna hill stations emaina cheppandi,TravelRecommendation
హైదరాబాద్ లో ట్రాఫిక్ అప్డేట్స్ ఇవ్వండి,WeatherTravel
Araku valley road block ayindi ani vinna route divert ayyinda,NavigationHelp
నేను గర్భిణీని నా లగేజ్ మోయడానికి ఎవరూ లేరు,AccessibilitySupport
Nellore bus stand lo vvruddha prayanikula ku luggage moyadaniki porter lu leda trolley lu evaina dorukuthaya cheppandi?,TravelAssistance
నేను వైజాగ్ లో హోటల్ లో ఉన్నాను సాయంత్రం బీచ్ లో ఫోటోగ్రఫీ చేయడానికి మంచి స్పాట్స్ చెప్పండి,Tourism
గుంటూరు లో మంచి రెస్టారెంట్ ఏది,FoodAndDining
Bus lo luggage space ledu. extra charges cheppi bag kindaku thosesaru,LuggageIssue
Mulugu bus station lo blind travelers ki station path clear ga unda?,NavigationHelp
విజయవాడలో నేను ఆటో ఎక్కడ దొరుకుతుంది,Transportation
బస్సు ఎందుకు లేట్ అవుతుంది,TravelDelay
Gadwal bus station lo pregnant women ki seating arrangements unnaya?,AccessibilitySupport
గుంటూరు రైల్వే స్టేషన్లో ప్లాట్‌ఫారమ్ నంబర్ 4 లో ఎస్కలేటర్ పనిచేయడం లేదు మా తాతయ్య సామానుతో నడవలేకపోతున్నారు వెయిటింగ్ రూమ్ ఎక్కడ ఉంటుంది,PlatformInformation
Pilgrimage trip ki veltunna darsanam booking status check cheyandi,Pilgrimage
అరకు లో ఫోటోగ్రఫీ,Tourism
నేను నా ఫోన్ ని రైలులోనే మర్చిపోయాను అది దొరకడానికి ఏమైనా హెల్ప్ లైన్ నంబర్ ఉందా,TravelAssistance
విజయవాడ దుర్గమ్మ గుడి దగ్గర ప్రసాదం కౌంటర్ ఎక్కడ ఉంది,CulturalTourism
Vikarabad railway station lo wheelchair users ki special entry gate unda?,AccessibilitySupport
హైదరాబాద్ లో హోటల్ ఎక్కడ బుక్ చేయాలి,TravelPlanning
నేను సోలో ట్రావెలర్ ని నా గైడ్ కి ఎన్ని డబ్బులు ఇవ్వాలి,TravelGuide
టూరిస్ట్ ప్లేసెస్ కి మ్యాప్స్ ఎక్కడ దొరుకుతాయి,TravelTechnology
కరీంనగర్ నుండి వరంగల్ వెళ్లే దారిలో ఏదైనా మంచి దోశ సెంటర్ ఉందా,FoodAndDining
నా ఫోన్ పోయింది,TravelSafety
వైజాగ్ లో నేను టాక్సీ ఎక్కడ దొరుకుతుంది,Transportation
అరకు లోయలో ఉండే హోమ్ స్టేలలో భోజన సౌకర్యం ఉంటుందా,Accommodation
Hotel check-in ayyanu kani room lo AC pani cheyyatledu chala hot ga undi,Accommodation
సికింద్రాబాద్ లో ట్రైన్,Transportation
Vizag lo bike taxi dorukuthunda,LocalServices
ఈ ప్రాంతంలో కల్చరల్ ఎక్స్పీరియన్స్ ఎక్కడ దొరుకుతుంది,CulturalTourism
Medchal Malkajgiri bus stand lo elderly passengers ki boarding facility unda?,AccessibilitySupport
తిరుపతిలో వీల్ చైర్ సౌకర్యం ఉందా,AccessibilitySupport
వైజాగ్ బీచ్ లో సన్‌సెట్ చూడటానికి బెస్ట్ టైమ్ ఏది,NatureTourism
Photography kosam Araku velthunna best time and spots suggest cheyyandi,TravelRecommendation
విజయవాడ స్టేషన్‌లో ప్లాట్‌ఫారమ్ మార్పుల గురించి అనౌన్స్‌మెంట్ క్లియర్ గా వినపడటం లేదు ఎవరిని అడగాలి,NavigationHelp
నేను ఒంగోలు నుండి మచిలీపట్నం వెళ్లే బస్సులో ప్రయాణిస్తున్నాను బస్సు డ్రైవర్ మధ్యలోనే ఆపేసి దిగిపొమ్మంటున్నారు ఇది చాలా అన్యాయం దీనిపై ఫిర్యాదు ఎక్కడ చేయాలి,TravelComplaint
వరంగల్ బస్టాండ్‌లో రాత్రి పూట ఎవరూ లేరు లైట్లు కూడా పనిచేయడం లేదు ఈ చీకట్లో నేను ఎలా వెయిట్ చేయాలి నాకు భయంగా ఉంది,TravelSafety
నేను ఎలా వెళ్ళాలి,NavigationHelp
రాజమండ్రి నుండి పాపికొండలు వెళ్లే బోటు ప్రయాణం కోసం బుక్ చేసుకున్నాను ఇప్పుడు గోదావరి నీటి మట్టం పెరిగింది అని బోటు రద్దు చేశారు నా అమౌంట్ రిఫండ్ ఎప్పుడు వస్తుంది,RefundRequest
ట్రైన్ లేట్ వల్ల మా బిజినెస్ మీటింగ్ మిస్ అవుతున్నాము,TravelDelay
అమలాపురంలో ఉండటానికి మంచి హోటల్ రికమెండ్ చేయండి,Accommodation
srisailam bus lo conductor ticket kooda ivvaledu amount matram tiskunnadu,TravelComplaint
నేను నా స్నేహితులతో కలిసి ట్రిప్ వెళ్తున్నాను మా అందరికీ పక్కపక్కనే సీట్లు వచ్చేలా టికెట్ ఎలా బుక్ చేసుకోవాలి,TicketBooking
Mulugu railway stand lo blind travelers ki station path clear ga unda?,NavigationHelp
గుంటూరు లో బస్సులు,Transportation
kakinada beach lo sunset capture cheyadaniki best lens settings,TravelPhotography
ఈ ఊరిలో ఎటిఎంలు తక్కువగా ఉన్నాయి డిజిటల్ పేమెంట్స్ అన్నీ ఆక్సెప్ట్ చేస్తారా,TravelTechnology
Siddipet bus stand lo elderly people ki platform access ela unda?,AccessibilitySupport
వైజాగ్ లో సీ ఫుడ్ బెస్ట్ రెస్టారెంట్ ఏది,RestaurantSearch
వైజాగ్ లో ఫుడ్,FoodAndDining
Nalgonda railway depot lo hearing impaired people ki help chese staff unna?,TravelAssistance
హైదరాబాద్ ఎయిర్‌పోర్ట్‌లో సెక్యూరిటీ చెకింగ్ పేరుతో నన్ను ఇబ్బంది పెడుతున్నారు నా దగ్గర ఉన్న మందులను పడేయమంటున్నారు,TravelComplaint
metro train lo light off ayyindi chala bhayam ga undi,TravelSafety
Bhongir railway depot lo hearing impaired people ki info boards unnay?,PlatformInformation
నేను సోలో ట్రావెలర్ ని నా సేఫ్టీ కోసం ఏం జాగ్రత్తలు తీసుకోవాలి,TravelGuide
ooty lo pet friendly parks and walking trails details,PetTravel
విజయవాడలో మ్యూజియంలు ఎప్పుడు తెరుస్తారు,CulturalTourism
train cancel ayyindi money back eppudu,TravelComplaint
విశాఖలో బీచ్ లో ఫోటోగ్రాఫర్స్ కి అనుమతి ఉందా,TravelPhotography
tirupati station lo maa amma wheel chair kosam booking chesam kani akkada evaru ledu asala ela help adagali,AccessibilitySupport
Tirupati nundi Tirumala ki free bus ekkada ekkali,NavigationHelp
తూర్పుగోదావరి జిల్లాలోని చిన్న పల్లెటూరికి బస్సు సౌకర్యం ఉందా,LocalServices
బస్సులో ఎవరో దొంగిలించారు,TravelSafety
అన్నవరం వ్రతం కోసం పద్ధతులు ఏంటి,CulturalTourism
Karimnagar bus stand lo blind travelers ki help chese staff unnara?,TravelAssistance
విదేశీ పర్యాటకుల కోసం మీ ఊరిలో బెస్ట్ గైడ్స్ దొరుకుతారా,TravelGuide
అన్నవరం గుడిలో దర్షన్ సమయం ఎంత పడుతుంది,Pilgrimage
Kamareddy bus depot lo elderly travelers ki platform bridge lift unda?,AccessibilitySupport
Wanaparthy bus station lo pregnant ladies ki special facilities unnaya?,AccessibilitySupport
Kurnool lo fuel stations ekkada unnay ahobilam velle route lo petrol dorukuthunda,LocalServices
hyderabad nundi vijayawada vellevadu bus 2 gantalu late ayindi naku important meeting undi asala em avtundi ee bus ki,TravelDelay
kodaikanal lo trekking cheyadaniki oka guide ni ela contact cheyyali,AdventureTravel
స్టేషన్ లో నీళ్లు లేవు,TravelComplaint
Last bus miss ayindi next train time entha,Navigation
తిరుమల వెళ్లే యాత్రికుల కోసం బస్సుల కనెక్టివిటీ గురించి తెలుసుకోవాలి రాత్రి 2 గంటలకు తిరుపతి చేరుకుంటే కొండ మీదకు వెళ్లడానికి బస్సులు ఉంటాయా,Transportation
పశ్చిమ కనుమల అడవుల్లో ఫోటోగ్రఫీకి అనుమతి ఉందా,Tourism
స్టేషన్‌లో ఎవరూ సహాయం చేయడం లేదు,TravelComplaint
Nenu food poison ayyanu Srisailam temple daggara emergency medical store ekkada undi,TravelSafety
Hotel room book chesa kani AC pani cheyatledu staff ni adigithe response ledu,TravelComplaint
విజయవాడలో మంచి కల్చరల్ డాన్స్ ప్రోగ్రామ్స్ ఎక్కడ జరుగుతాయి,CulturalTourism
తిరుపతి లో వీల్ చైర్,AccessibilitySupport
హైదరాబాద్ నుండి వైజాగ్ కి ఫ్లైట్ లో ఏమైనా ఫుడ్ ఇస్తారా,TravelPlanning
maa nanna ki breathing problem,EmergencyTravel
విజయవాడలో ఒక వారం ఉండాలి తక్కువ ధరలో మంచి గదులు ఎక్కడ దొరుకుతాయి,Accommodation
Srisailam ghat road lo fog chala ekkuvaga undi driving safe ae na,TravelSafety
Tirupati airport lo garbini la ku wheel chair sahayam mariyu boarding vaddha priority ivvadam jaruguthunda?,AccessibilitySupport
విజయవాడ స్టేషన్లో నేను నా బ్యాగ్ మర్చిపోయాను,LuggageIssue
విశాఖ బీచ్ రోడ్డులో గైడ్స్ చేసే మోసాల గురించి విన్నాను జాగ్రత్తగా ఉండాలంటే ఏం చేయాలి,TravelSafety
ఈ రెస్టారెంట్ లో వెజ్ భోజనం రుచిగా ఉంటుందా,TravelReview
hyd airport terminal 2 lo unna international flight gate dorakatledu signage clarity ledu,NavigationHelp
అరకు లో వాతావరణం ఎలా ఉంటుంది,WeatherTravel
విజయవాడ నుండి ట్రైన్ టైమింగ్స్ చెప్పండి,Transportation
కోనసీమ ప్రాంతంలో టూరిజం కోసం వెళ్తున్నాను మూడు రోజుల ట్రిప్ ప్లాన్ ఎలా ఉండాలి,TravelPlanning
బస్సు చెడిపోయింది,TravelDisruption
auto driver night 12 ki extra money adugutunnadu nenu pay cheyalanukovatledu,TravelSafety
తిరుపతిలో హోటల్ రూమ్ కన్ఫర్మ్ చేసుకున్నా కానీ ఇప్పుడు రూమ్ లేదని చెప్తున్నారు,TravelComplaint
Siddipet bus depot lo elderly people ki platform access ela unda?,AccessibilitySupport
హైదరాబాద్ లో ఫ్లైట్ మిస్ అయితే ఏమి చేయాలి,EmergencyTravel
శ్రీశైలం లో దర్షన్,Pilgrimage
హైదరాబాద్ నుండి వైజాగ్ వెళ్లే బస్సులో చార్జింగ్ పాయింట్ పనిచేయడం లేదు నాకు ఆఫీస్ పని ఉంది ఎలాగైనా హెల్ప్ చేయండి,TravelComplaint
Mantralayam lo chala raddi ga undi eppudu vellithe darshan thondaraga avuthundi,Pilgrimage
స్థానిక జానపద కళా ప్రదర్శనలు ఎక్కడ జరుగుతాయి,LocalEvents
ఏలూరు బస్ స్టాండ్ లో నాకు ఆన్లైన్ లో బుక్ చేసిన టికెట్ చూపించినా కండక్టర్ ఒప్పుకోవడం లేదు మొబైల్ నెట్వర్క్ లేక టికెట్ ఓపెన్ అవ్వడం లేదు,Transportation
Yadadri Bhuvanagiri bus depot lo hearing impaired people ki info desk?,TravelAssistance
Ooty lo cycling routes gurinchi travel recommendation kavali,AdventureTravel
ఈ సీజన్ లో అడవిలో సఫారీకి వెళ్లడం సురక్షితమేనా,WildlifeTourism
నేను పెట్ ఓనర్ ని నా పెంపుడు కుక్కని హోటల్ లో అనుమతిస్తారా,PetTravel
బస్సులో సీటు దొరకలేదని కండక్టర్ని అడిగితే గట్టిగా అరుస్తున్నారు నేను కూడా ప్రయాణికుణ్ణి కదా,TravelComplaint
నేను కనకదుర్గ గుడి కి వెళ్తున్నాను ఏ సమయంలో వెళ్తే రద్దీ తక్కువగా ఉంటుంది,Pilgrimage
వరంగల్ బస్టాండ్ నుండి పల్లెటూరుకు వెళ్లడానికి బస్సు సౌకర్యం లేదు వేరే దారి ఏమైనా ఉందా,RoutePlanning
నేను ఎక్కడ ఉన్నానో తెలియదు,NavigationHelp
విజయవాడ దుర్గమ్మ గుడికి వెళ్తున్నాము అక్కడ ఫ్రీ దర్శనం ఎలా ఉంటుంది,Pilgrimage
Vijayawada railway station lo wheelchair help kavali staff ni ela contact cheyyali,AccessibilitySupport
నేను చక్రాల కుర్చీ వాడతాను,AccessibilitySupport
హైదరాబాద్ నుండి విజయవాడ వెళ్లే వందేభారత్ ట్రైన్ క్యాన్సల్ అయ్యింది నా టికెట్ డబ్బులు ఎప్పుడు వస్తాయి రిఫండ్ ప్రాసెస్ ఏంటి,RefundRequest
నేను రైలులో ఒక సీటు బుక్ చేసుకున్నాను అది ఆర్ఏసి లో ఉంది అది కన్ఫర్మ్ అయ్యే ఛాన్స్ ఉందా,RACStatus
ఫ్లైట్ గేట్ కన్ఫ్యూజ్ అయ్యాను,NavigationHelp
కర్నూలు నుండి వస్తున్న ట్రైన్ ప్లాట్‌ఫారమ్ నంబర్ 2 కి వస్తుందని చెప్పారు కానీ అది ప్లాట్‌ఫారమ్ 5 కి వచ్చిందని చెప్తున్నారు నేను ఎలా వెళ్లాలి,NavigationHelp
తిరుపతిలో నేను ఎలా దర్శనం చేసుకోవాలి,TravelPlanning
Bus driver rash driving chesthunnaru complaint ekkada ivvali,TravelComplaint
నేను ఒక ఫోటోగ్రాఫర్ ని సూర్యోదయం ఫోటోలు తీయడానికి బెస్ట్ ప్లేస్ ఏది,TravelPhotography
Hindupur bus stand lo vruddhula kosam wheel chair hire cheskune facility unda leda?,TravelAssistance
Kurnool nundi local market ki vellali eppudu velthe janala raddhi thakkuva untundi,TravelPlanning
అరకు వెళ్ళే దారిలో మంచి హోటల్ ఏది,FoodAndDining
Flight diversion valla next journey plan disturb ayindi help cheyyandi,TravelDisruption
Maa parents ki wheelchair facility kavali Tirupati temple darsanam ki ela book cheskovali cheppandi,AccessibilitySupport
నేను రైలులో ఉన్నాను తర్వాతి స్టేషన్లో ఎలా దిగాలి,NavigationHelp
Mulugu railway depot lo wheelchair accessibility work status eppudu finish avuthundi?,AccessibilitySupport
అరకులోయ వెళ్లే మార్గంలో ఉన్న వ్యూ పాయింట్స్ ఏవి,Tourism
స్టేషన్ లో ఎవరైనా సహాయం చేయండి,TravelAssistance
Peddapalli bus depot lo elderly people ki special bus boarding facility unda?,AccessibilitySupport
Visakhapatnam railway station lo kanti choopu leni prayanikula kosam platform maarpula gurinchi vinapadela annoucement lu chesthara?,PlatformInformation
Vikarabad bus depot lo wheelchair users ki special entry gate unda?,AccessibilitySupport
Luggage theft complaint file cheyali police assistance kavali,TravelAssistance
Adilabad bus stand lo elderly people ki luggage transport service unda?,TravelAssistance
khammam lo traditional vegetarian bhojanam dorke best mess ekkada,FoodAndDining
Tirupati temple area lo darsanam ki wait cheyalsi osthunda,Pilgrimage
ఈ ఊరి సంస్కృతి గురించి తెలుసుకోవాలి,CulturalTourism
నేను అమెరికా నుండి వస్తున్నాను నాకు ట్రాన్సిట్ వీసా గురించి కొన్ని సందేహాలు ఉన్నాయి ఫ్లైట్ మారేటప్పుడు ఇబ్బంది అవ్వకుండా ఏం చేయాలి,TravelAssistance
Rajamundry airport lo vinikidi lopam unde prayanikula ku flight details telusukovadaniki evaina prathyeka counter lu unnaya?,TravelAssistance
అరకులోయలో రాత్రిపూట నక్షత్రాలను చూడటానికి బెస్ట్ స్పాట్ ఏది,NatureTourism
విజయవాడలో బెస్ట్ పంజాబీ రెస్టారెంట్ ఏది,RestaurantSearch
Proddatur bus station lo wheelchair users kosam ramps construction work completion eppudu?,AccessibilitySupport
నా బిడ్డకి ఆరోగ్యం బాలేదు,EmergencyTravel
అరకు వెళ్లే మార్గంలో కెఫేలు లేదా రెస్టారెంట్లు ఉన్నాయా లేక సొంతంగా తీసుకు వెళ్లాలా,FoodAndDining
విశాఖపట్నం ఎయిర్‌పోర్ట్‌లో ఇంటర్నేషనల్ ఫ్లైట్ కోసం వెయిటింగ్ ఏరియాలో నా బ్యాగును ఎ ఎవరో దొంగిలించారు అందులో నా పాస్‌పోర్ట్ మరియు డాలర్లు ఉన్నాయి వెంటనే పోలీసులు కావాలి,LuggageIssue
నేను నా ఫోన్ తో ఫోటోలు తీయాలనుకుంటున్నాను బెస్ట్ సెట్టింగ్స్ ఏవి,TravelPhotography
సింహాచలం లో రద్దీ,Pilgrimage
Khammam railway depot lo hearing impaired travelers ki visual indicators unnay?,PlatformInformation
vizag zoo safari timings and photography tips,WildlifeTourism
Pet dog tho travelling Vizag hotel lo pet allowed untunda,Accommodation
నేను కారులో వెళ్తున్నాను శ్రీశైలం వెళ్లే రూట్ లో ఇప్పుడు ఏమైనా రోడ్ బ్లాక్స్ ఉన్నాయా,NavigationHelp
ఏపీలో చారిత్రక కోటల ఫోటోలు తీయడానికి బెస్ట్ ప్లేస్ ఏది,TravelPhotography
నేను కాకినాడ బీచ్ దగ్గర ఫోటోగ్రఫీ కోసం వెళ్తున్నాను అక్కడ డ్రోన్ కెమెరా వాడటానికి పర్మిషన్ ఎక్కడ తీసుకోవాలి,TravelAssistance
ఎయిర్‌పోర్ట్‌లో బోర్డింగ్ పాస్ దొరకడం లేదు,NavigationHelp
Tirupati station lo cloak room ekkada untundi 2 days luggage pettali charges entha untayi,LuggageIssue
ట్రైన్లో నా లగేజ్ మర్చిపోయాను హెల్ప్ కావాలి,LostAndFound
నేను నా స్నేహితులతో కలిసి ట్రెక్కింగ్ వెళ్తున్నాను బేస్ క్యాంప్ చేరుకోవడానికి ఏమైనా గైడ్స్ ఉంటారా,TravelPlanning
na bag dorkatledu,LuggageIssue
Yadadri temple ki velle route lo traffic jam valla darshanam time miss ayindi ticket modification untunda,TicketBooking
వరంగల్ రైల్వే స్టేషన్లో నా బ్యాగ్ మర్చిపోయాను అందులో నా పాస్‌పోర్ట్ మరియు కొన్ని ముఖ్యమైన పత్రాలు ఉన్నాయి నేను వెంటనే ఎవరిని సంప్రదించాలి,TravelAssistance
తిరుమల కొండ మీద చక్రాల కుర్చీ వాడే వారికి ప్రత్యేకమైన దారి ఏమైనా ఉందా సాధారణ లైన్లో అయితే చాలా ఇబ్బందిగా ఉంది,AccessibilitySupport
Suryapet bus depot lo wheelchair accessibility gurinchi infomation kavali?,AccessibilitySupport
నా బ్యాగ్ దొరకడం లేదు,LuggageIssue
Stranded family bus stand lo unnam immediate ga transport kavali,EmergencyTravel
విశాఖ లో పర్యాటక ప్రదేశాలు,Tourism
నేను కరెక్ట్ ప్లాట్‌ఫారమ్ లోనే ఉన్నానా,NavigationHelp
nenu lost ayyanu help,NavigationHelp
హైదరాబాద్ లో ఫ్లైట్ మిస్ అయ్యాను ఎయిర్ లైన్ వారు తదుపరి ఫ్లైట్ కోసం టికెట్ ధర మళ్లీ కట్టమంటున్నారు,TravelComplaint
నేను వినికిడి లోపం ఉన్న వ్యక్తినని చెప్పినా ట్రైన్ లో టికెట్ చెకర్ నన్ను తిడుతున్నారు,AccessibilitySupport
నేను ఆఫీస్ పనిమీద వైజాగ్ వస్తున్నాను బెస్ట్ హోటల్ ఏది,BusinessTravel
వరంగల్ బస్ స్టాండ్‌లో తక్కువ చూపు ఉన్న ప్రయాణికులకు బస్ నంబర్లను గుర్తించడానికి సిబ్బంది సహాయం ఎక్కడ దొరుకుతుంది?,TravelAssistance
నేను ఫ్లైట్ లో నా ఫోన్ మర్చిపోయాను,TravelAssistance
Warangal railway depot lo wheelchair accessibility facilities gurinchi telusukovali?,AccessibilitySupport
Kothagudem railway depot lo pregnant ladies ki rest room facility unda?,AccessibilitySupport
nenu wheelchair user help,AccessibilitySupport
Family vacation kosam Vijayawada lo best hotel,Accommodation
Hotel room book chesa kani check-in time ki vellaka room full ayindi antunnaru refund ela ravali,TravelComplaint
Mantralayam temple crowd status check cheyyali,Pilgrimage
flight luggage damage ayyindi nenu airline ki malli complaint ivvala,LuggageIssue
Jayashankar Bhupalpally railway station lo elderly travelers ki platform access?,AccessibilitySupport
Hotel staff behaviour chala rude ga undi,TravelComplaint
తల్లిదండ్రులతో కలిసి కాశీ యాత్రకు వెళ్తున్నాం ప్లాన్ ఎలా చేసుకోవాలి,TravelPlanning
Yadadri Bhuvanagiri bus station lo hearing impaired people ki info desk unnaya?,TravelAssistance
ఫ్లైట్ బోర్డింగ్ గేట్ ఏంటో అడుగుతుంటే అందరూ వేరే వైపు వెళ్లమంటున్నారు నేను ఫ్లైట్ మిస్ అవుతానేమో అని భయంగా ఉంది,NavigationHelp
అహోబిలం నరసింహస్వామి ఆలయం ట్రెక్కింగ్ చేయడానికి వెళ్తున్నాము దారిలో ఏమైనా జాగ్రత్తలు తీసుకోవాలా,Pilgrimage
Jayashankar Bhupalpally bus stand lo elderly travelers ki platform access?,AccessibilitySupport
train cabin lo suspicious ga unnaru okaru help cheyandi,TravelSafety
Peddapalli railway station lo blind travelers ki direction signage lu unnay?,NavigationHelp
Hyderabad airport nundi Guntur ki cab fare entha untundi night time safe untunda,TravelSafety
guntur lo local food festivals eppudu jaruguthayi,LocalEvents
సమ్మర్ లో అరకు వెళ్తే చల్లగా ఉంటుందా వెళ్ళడానికి ఇదే మంచి సమయమేనా,TravelRecommendation
విమానం రద్దు అవ్వడం వల్ల నేను చాలా ఇబ్బంది పడుతున్నాను ఎయిర్ లైన్ సంస్థ వారు వేరే ఫ్లైట్ ఏర్పాటు చేస్తామని చెప్పారు కానీ ఇంకా ఎటువంటి అప్డేట్ లేదు,FlightStatus
వరంగల్ లో జాతర,Tourism
eco friendly resorts in wayanad for family stay,EcoTourism
విశాఖపట్నంలో భారీ వర్షాల వల్ల బస్సులు ఆగిపోయాయి ఇక్కడి నుండి వేరే జిల్లాకు వెళ్లడానికి రైలు ఏమైనా ఉందా,RoutePlanning
Travel agency fake booking chesindi refund urgent ga kavali,RefundRequest
train ticket refund,TravelComplaint
Vizag port ferry cross cheyyali timing entha,Transportation
నేను ట్రైన్ లో సీటు కన్ఫర్మ్ కాలేదు,TravelDelay
నెల్లూరు లో మంచి భోజనం,FoodAndDining
విజయవాడ లో ట్రాఫిక్ సమస్య,Navigation
హైదరాబాద్ నుండి విజయవాడ వెళ్లే వందే భారత్ ట్రైన్ సిగ్నల్ సమస్యల వల్ల నాలుగు గంటలుగా ఒకే చోట ఆగిపోయింది నా కనెక్టింగ్ ఫ్లైట్ మిస్ అవుతున్నాను నాకు ఎవరైనా సహాయం చేయండి,TravelDelay
Nizamabad railway station lo wheelchair vade variki train ekkadaniki rampu lu mariyu elevator lu work chesthunnaya?,AccessibilitySupport
Srisailam temple daggara local street food stalls hygiene gurinchi telusukovali,FoodReview
నాకు సహాయం కావాలి,TravelAssistance
నెల్లూరు లో ఫుడ్,FoodAndDining
రాజమండ్రిలో గోదావరి రుచులు దొరికే మంచి రెస్టారెంట్ ఒకటి చెప్పండి ఫ్యామిలీతో వెళ్లడానికి బాగుండాలి,FoodAndDining
heavy fog valla flight 4 gantalu delay undi naku refreshments kuda ivvaledu,TravelDelay
అరకు లో ట్రిప్,TravelPlanning
నేను నా ఫ్రెండ్స్ తో కలిసి ట్రిప్ వెళ్తున్నాను బడ్జెట్ లో దొరికే హోటల్స్ ఎక్కడ ఉంటాయి,Accommodation
Jayashankar Bhupalpally railway depot lo elderly travelers ki platform access?,AccessibilitySupport
vijayawada lo auto vallu meter veyaru naku help line number kavali,TravelComplaint
Tribal area ki velluthunnam local food options em untayi tourism guidance kavali,FoodAndDining
bus lo naa watch marchipoya return dorkutunda,LuggageIssue
nenu pregnant ni train lo upper berth iccharu nenu kindaki ela digali evaraina help chestara,AccessibilitySupport
హంపిలో గైడ్ రేట్లు చాలా ఎక్కువ అడుగుతున్నారు ఇది సరైనదేనా,TravelRecommendation
కాకినాడలో మా ఆవిడ వాళ్ళ అమ్మగారికి మందులు మర్చిపోయాం దగ్గరలో ఫార్మసీ ఎక్కడ ఉంది,EmergencyTravel
Medchal Malkajgiri railway station lo elderly passengers ki escalator facility unda?,AccessibilitySupport
సింహాచలం గుడికి వెళ్తున్నాం రద్దీ ఎలా ఉంది దర్షన్ టికెట్స్ ఆన్లైన్లో దొరుకుతాయా,Pilgrimage
విశాఖపట్నం ఎయిర్‌పోర్ట్‌లో నా లగేజ్ దొరకడం లేదు,TravelAssistance
మా నాన్నకి షుగర్ లెవెల్స్ అకస్మాత్తుగా పడిపోయాయి ట్రైన్ లో డాక్టర్ ఎవరైనా ఉంటే సహాయం చేయండి లేదంటే నెక్స్ట్ స్టేషన్ లో మాకు ఆంబులెన్స్ కావాలి,EmergencyTravel
సమ్మర్ లో పాపికొండలు వెళ్లే బోటు షికారు ఎంత సమయం పడుతుంది ముందుగా టికెట్లు బుక్ చేసుకోవాలా,Tourism
కొండపల్లిలో బొమ్మలు తయారు చేసే ప్రక్రియ చూడవచ్చా,CulturalTourism
Student discount train ticket ela book cheyyali,TravelPlanning
పర్యాటక ప్రదేశాల ఫోటోలు తీయడానికి పర్మిషన్ కావాలా,TravelPhotography
హైదరాబాద్ మెట్రోలో నా కార్డు రీఛార్జ్ చేశాను కానీ ఇంకా బ్యాలెన్స్ యాడ్ అవ్వలేదు ఎవరిని అడగాలి,TravelAssistance
బస్సులో డబ్బులు దొంగిలించారు పోలీసులు ఎక్కడ ఉంటారు,TravelSafety
శ్రీకాకుళం నుండి చెన్నై వెళ్లే రైలులో నాకు లోయర్ బెర్త్ కావాలి అని అడిగి టికెట్ బుక్ చేశాను కానీ అప్పర్ బెర్త్ ఇచ్చారు దీన్ని ఎలా మార్చుకోవాలి,SeatSelection
హైదరాబాద్ నుండి వైజాగ్ వెళ్లే బస్సులో ఫ్యామిలీతో వెళ్తున్నాను అక్కడ కంఫర్ట్ ఎలా ఉంటుంది,TravelPlanning
నాకు సోలో ట్రిప్ వెళ్లాలని ఉంది ఆంధ్రప్రదేశ్‌లో బ్యాక్‌ప్యాకర్స్‌కి అనువైన ప్రదేశాలు ఏవి సజెస్ట్ చేస్తారు,TravelRecommendation
అన్నయ్య రేపు కోనసీమ వెళ్తున్నాం అక్కడ పడవ ప్రయాణం ఎప్పుడు మొదలవుతుంది,Tourism
Vizag museum ki vellali bus stand nundi auto charge entha untundi,LocalServices
my luggage is still at bangalore airport but i am in vizag,LuggageIssue
manali lo paragliding cheyadaniki safety rules unna operators ni suggest cheyyandi,AdventureTravel
స్టేషన్ లో టాయిలెట్ సౌకర్యం లేదు,TravelComplaint
నేను ట్రైన్ కోసం స్టేషన్లో వెయిట్ చేస్తున్నాను ఏ ప్లాట్‌ఫారమ్ కి రావాలి,PlatformInformation
హైదరాబాద్ లో రాత్రిపూట ప్రయాణం సురక్షితమేనా,TravelSafety
ఒంగోలు నుండి ప్రకాశం బ్యారేజ్ వెళ్తున్నాము సాయంత్రం వేళల్లో ఫ్యామిలీతో తిరగడానికి ఇది సేఫ్ ఆ,TravelSafety
Hyderabad lo family tho dinner ki best vegetarian restaurant cheppandi,FoodAndDining
నా లగేజ్ పోయింది,LuggageIssue
నేను ట్రైన్ కోసం వెయిట్ చేస్తున్నాను ఏ ప్లాట్‌ఫారమ్ కి రావాలి,PlatformInformation
కర్నూలు లో రవాణా,Transportation
నేను కాణిపాకం వినాయకుడి ఆలయానికి వెళ్తున్నాను ఎలా వెళ్ళాలి,Pilgrimage
తిరుపతిలో హోటల్ ఎలా బుక్ చేయాలి,TravelPlanning
తిరుపతి లో రూమ్,Accommodation
bus accident ayyi maku chala debbalu taglay ambulance please,EmergencyTravel
flight food quality baledu,TravelComplaint
రైలు దిగగానే స్టేషన్ నుండి కాణిపాకం వెళ్లడానికి టాక్సీ దొరుకుతుందా,TravelAssistance
హైదరాబాద్ లో మంచి లాడ్జ్ చెప్పండి,Accommodation
Kothagudem bus stand lo pregnant ladies ki rest room facility unda?,AccessibilitySupport
రాజమండ్రి లో పడవ,Tourism
రాజమండ్రి లో పడవ ప్రయాణం,Tourism
ఈ రెస్టారెంట్ లో ఫుడ్ క్వాలిటీ బాలేదు,TravelReview
ఈ ఊరిలో స్పెషల్ స్వీట్స్ ఏవి,Shopping
వైజాగ్ లో బీచ్ దగ్గర హోటల్స్ బాగుంటాయా,Accommodation
సహాయం కావాలి,TravelAssistance
ట్రెక్కింగ్ కి వెళ్ళేముందు ఎక్సర్సైజ్ చేయాలా,AdventureTravel
Flight delay valla hotel booking check-in time miss ayindi hotel vallaki inform cheyyala,TravelPlanning
లంబసింగిలో ఇప్పుడు వాతావరణం ఎలా ఉంది ఫోటోగ్రఫీకి మంచి టైమ్ ఏది,WeatherTravel
metro station exit ekkada,NavigationHelp
Anna! Vijayawada bus station lo luggage miss ayindi CC camera footage kosam evarni kalavali,LostAndFound
nenu guntur station lo unna train late ani board lo undi kani time mention cheyaledu,TravelDelay
నేను నా కుటుంబంతో కలిసి వెళ్తున్నాను అక్కడ హోటల్ ఎక్కడ బుక్ చేయాలి,TravelPlanning
నేను నా స్నేహితులతో కలిసి అటవీ ప్రాంతంలో క్యాంపింగ్ చేయాలనుకుంటున్నాను ఎక్కడ పర్మిషన్ తీసుకోవాలి,Tourism
కొండపల్లి బొమ్మలు కొనడానికి మంచి లోకల్ మార్కెట్ ఏది,Shopping
హైదరాబాద్ లో ఈ రోజు ఏవైనా టూరిస్ట్ ప్లేసెస్ మూసి ఉన్నాయా,Tourism
Amazon forest travel video kosam professional photography gears list cheppandi,TravelTechnology
nenu terminal 1 lo unna flight 3 lo undi,NavigationHelp
నేను రైలులో ప్రయాణిస్తున్నాను కానీ టికెట్ చెకర్ నన్ను టికెట్ చూపించమని అడుగుతున్నారు నేను ఆన్‌లైన్ టికెట్ చూపిస్తున్నాను,TravelAssistance
నేను స్టేషన్‌లో చిక్కుకున్నాను,EmergencyTravel
నెల్లూరులో ఆటో వాడు మీటర్ వేయట్లేదు చాలా ఎక్కువ డబ్బులు అడుగుతున్నాడు ఏం చేయాలి,TravelComplaint
Mahabubnagar bus depot lo blind travelers ki navigation help unda?,NavigationHelp
Siddipet railway station lo elderly people ki platform access ela unda?,AccessibilitySupport
హైదరాబాద్ నుండి బస్సులో ప్రయాణించేటప్పుడు నా బ్యాగ్ పోగొట్టుకున్నాను ఎవరిని సంప్రదించాలి,TravelSafety
తిరుపతిలో నేను దర్శనం టికెట్ ఆన్‌లైన్లో ఎలా బుక్ చేయాలి,TicketBooking
Rangareddy bus depot lo wheelchair users ki special access lane unda?,AccessibilitySupport
koti lingala lo local festival eppudu start avuthundi,FestivalTravel
Tirumala lo laddu prasadam counting ela untundi,Pilgrimage
విశాఖపట్నంలో నేను హోటల్ కోసం చూస్తున్నాను ఎక్కడ బాగుంటుంది,TravelPlanning
విశాఖపట్నం బీచ్ లో కెమెరా డ్రోన్ వాడొచ్చా పోలీస్ పర్మిషన్ ఎలా తీసుకోవాలి,TravelTechnology
హైదరాబాద్ లో మెట్రో ఎక్కి ఐటీ కారిడార్ ఎలా వెళ్ళాలో చెప్పండి రూట్ మ్యాప్ కావాలి,NavigationHelp
మా అమ్మకి కీళ్ల నొప్పులు ఉన్నాయి తిరుమలలో వీల్ చైర్ సదుపాయం ఎలా బుక్ చేసుకోవాలి,AccessibilitySupport
Suryapet railway station lo wheelchair accessibility gurinchi infomation kavali?,AccessibilitySupport
Karimnagar bus station lo blind travelers ki help chese staff unnara?,TravelAssistance
టూరిజం స్పాట్స్ లో గూగుల్ మ్యాప్స్ ఎంతవరకు కరెక్ట్ గా పనిచేస్తాయి,TravelTechnology
కొత్తగా యూట్యూబ్ ఛానల్ స్టార్ట్ చేశాను ఈ విలేజ్ టూర్ కి బాగుంటుందా,TravelReview
అరకు లో హోటల్,Accommodation
Hyderabad nundi Yadadri ki car lo velthunna fast ga velladaniki route cheppandi,NavigationHelp
guntur lo heavy rains valla train 5 gantalu late undi naku connectivity train miss avtundi em cheyali,TravelDelay
Wanaparthy bus stand lo pregnant ladies ki special facilities unnaya?,AccessibilitySupport
హైదరాబాద్ బస్ డీపోలో టికెట్ బుకింగ్ కౌంటర్ ఎప్పుడు తెరుస్తారు,LocalServices
nenu station exit ela velalo teliyatledu,NavigationHelp
విశాఖపట్నం లో బీచ్ సైడ్ మంచి రెస్టారెంట్ ఒకటి చెప్పండి,FoodAndDining
Yadadri Bhuvanagiri bus station lo hearing impaired people ki info desk?,TravelAssistance
vijayawada lo heavy traffic valla bus miss ayya next service eppudu,TravelDelay
సీనియర్ సిటిజన్స్ తో కలిసి శ్రీశైలం వెళ్తున్నాను అక్కడ క్యూ లైన్లలో ప్రత్యేక ఏర్పాట్లు ఉంటాయా,Pilgrimage
Vizag beach daggara ma passport bag miss ayindi embassy ki velladaniki local transport help kavali,TravelAssistance
వర్క్ ఫ్రమ్ హోమ్ చేస్తున్నాను వైజాగ్ లో హై స్పీడ్ వైఫై ఉన్న కేఫ్లు ఉన్నాయా,RemoteWorkTravel
Siddipet bus station lo elderly people ki platform access ela unda?,AccessibilitySupport
Yadadri Bhuvanagiri railway depot lo hearing impaired people ki info desk?,TravelAssistance
Kerala backwaters lo eco friendly resorts search chestunna,EcoTourism
nenu bus lo single ga unna bhayam ga undi,TravelSafety
ఈ ఊరిలో ఫేమస్ పండగలు ఏవి,FestivalTravel
Gadwal bus stand lo pregnant women ki seating arrangements unnaya?,AccessibilitySupport
బస్సు రద్దయ్యింది,TravelDisruption
నా పెంపుడు జంతువును తీసుకెళ్లడానికి బెస్ట్ హిల్ స్టేషన్ ఏది,PetTravel
లగేజ్ దెబ్బతింది,LuggageIssue
hampi lo local dance and music programs eppudu untayi,CulturalTourism
అమరావతి లోని బౌద్ధ స్థూపం చూడాలి వెళ్ళడానికి బెస్ట్ టైమ్ ఎప్పుడు,Tourism
లగేజ్ దొంగిలించారు,LuggageIssue
విజయవాడలో రాత్రి వేళల్లో కూడా దొరికే స్ట్రీట్ ఫుడ్ సెంటర్స్ ఏవి,FoodAndDining
కర్నూలు నుండి వస్తున్నాను బస్సు మధ్యలో ఆగిపోయింది డ్రైవర్ ఎవరో వేరే బస్సు వస్తుంది అంటున్నారు కానీ రెండు గంటలు అవుతుంది ఎవరూ రాలేదు,TravelDisruption
అరకులోయ పర్యటనకు బెస్ట్ టైమ్ ఏది,TravelRecommendation
హైదరాబాద్ లో రాత్రి 10 గంటలకి బస్సు ఎక్కాలి అది సేఫ్ ఆ,TravelSafety
తిరుమల నుండి తిరుపతికి వచ్చేటప్పుడు ఫ్రీ బస్సులు ఉంటాయా వాటి టైమింగ్స్ ఎలా తెలుసుకోవాలి,TravelAssistance
tirupati lo best jain food restaurants list cheppandi,RestaurantSearch
నేను ఎక్కడ ఉన్నానో తెలియడం లేదు,NavigationHelp
vizag lo traditional seafood tinali ante best spot edi,LocalCuisine
నేను ఫ్లైట్ టికెట్ బుక్ చేశాను నా సీటు నంబర్ ఎక్కడ చూడాలి,SeatSelection
Suryapet railway depot lo wheelchair accessibility gurinchi infomation kavali?,AccessibilitySupport
హైదరాబాద్ నుండి వైజాగ్ వెళ్ళే విమానం క్యాన్సిల్ అయ్యింది నెక్స్ట్ ఆప్షన్ ఏంటి,Cancellation
Karimnagar railway station lo blind travelers ki help chese staff unnara?,TravelAssistance
నేను ఎయిర్‌పోర్ట్‌లో ఉన్నాను,NavigationHelp
Hyderabad to Warangal travel best restaurant suggestions ivvandi route madhyalo,FoodAndDining
తూర్పుగోదావరిలో పడవ ప్రయాణం చేసేటప్పుడు లైఫ్ జాకెట్స్ ఇస్తారా,TravelSafety
నేను గర్భిణీ స్త్రీని ఈ రద్దీ బస్సులో నాకు సీటు ఎవరూ ఇవ్వడం లేదు కండక్టర్ కూడా పట్టించుకోవడం లేదు,AccessibilitySupport
నేను విదేశాల నుండి వస్తున్నాను ఇండియన్ సిమ్ కార్డ్ ఎక్కడ తీసుకోవాలి,TravelAssistance
Hampi lo historical monuments ni drone dwara capture cheyadaniki permission rules enti,TravelPhotography
నేను బుక్ చేసిన హోటల్ వెబ్సైట్ లో చూసిన దానికి యాక్చువల్ దానికి చాలా తేడా ఉంది,TravelReview
నాకు ఆంబులెన్స్ కావాలి,EmergencyTravel
Palletooru festival ki velthunnam akkada stay kosam homestay options emaina unnaia,Tourism
Khammam bus stand lo kanti choopu leni prayanikulaku help desk ekkada untundi and evaraina guide chesthara?,TravelAssistance
అన్నవరం వెళ్తున్నాను సత్యనారాయణ వ్రతం కోసం ముందుగా పేరు రిజిస్ట్రేషన్ చేసుకోవాలా,Pilgrimage
విజయవాడలో ట్రాఫిక్ ఎక్కువగా ఉంది షార్ట్ కట్ దారి చెప్పండి,Navigation
శబరిమల వెళ్తున్నాం పంబ వద్ద ఉండే బస గురించి వివరాలు కావాలి,Pilgrimage
wheelchair booking status chudu plz,AccessibilitySupport
Araku velle train lo side upper berth vachindi naaku back pain undi kurchovadaniki space unda,SeatSelection
రైలులో వైఫై సదుపాయం ఉందని చెప్పారు కానీ కనెక్ట్ అవ్వడం లేదు ఎవరిని అడగాలి,TravelComplaint
హైదరాబాద్ నుండి వైజాగ్ కి ట్రైన్ ఎన్ని గంటలకు ఉంది,TrainStatus
హైదరాబాద్ లో ఈవినింగ్ వాక్ కోసం మంచి పార్కులు ఏవి సజెస్ట్ చేస్తారు,NavigationHelp
Remote village lo language barrier valla bus route artham kavatle local guide contact dorukuthunda,TravelSupport
వైజాగ్ లో మంచి షాపింగ్ మాల్ ఏది,Shopping
Nalgonda bus stand lo hearing impaired people ki help chese staff unna?,TravelAssistance
నా లగేజ్ దొరకడం లేదు,LuggageIssue
హైదరాబాద్ నుండి వైజాగ్ వెళ్లే బస్సులో ఎంత లగేజ్ తీసుకెళ్లాలి,LuggageIssue
నేను రైలులో ఒక సీటు బుక్ చేసుకున్నాను దాన్ని ఎలా మార్చుకోవాలి,SeatSelection
శ్రీకాకుళం ఏజెన్సీ ఏరియాలో అడవి జంతువుల భయం ఉంది రాత్రిపూట ప్రయాణం సురక్షితమేనా,TravelSafety
నాకు స్థానిక సంగీతం వినాలని ఉంది ఈవెనింగ్ ఎక్కడ ప్రోగ్రామ్స్ ఉంటాయి,LocalEvents
కొత్తగూడెం అడవుల్లో తప్పిపోయాం లోకేషన్ షేర్ చేస్తున్నా హెల్ప్ చేయండి,EmergencyTravel
Vijayawada lo best street food ekkada dorukuthundi,FoodAndDining
Vizag lo street food ekkada safe ga untundi,FoodAndDining
రాజమండ్రి లో హోటల్స్,Accommodation
తిరుమలలో ప్రసాదాలు లభించే కౌంటర్లు ఎక్కడ ఉంటాయి ఫోన్ పే లాంటి ఆన్‌లైన్ పేమెంట్స్ ఆక్సెప్ట్ చేస్తారా,Pilgrimage
Yadadri Bhuvanagiri railway station lo hearing impaired people ki info desk?,TravelAssistance
ఎయిర్‌పోర్ట్‌లో నా లగేజ్ పాడైంది,LuggageIssue
Mulugu bus stand lo pregnant women ki medical support emaina dorukuthunda?,TravelAssistance
Nagarkurnool railway station lo wheelchair user train lo seat varaku velladaniki support?,TravelAssistance
నేను హోటల్ లో ఉన్నాను వైఫై పనిచేయడం లేదు హెల్ప్ చేయండి,Accommodation
ఈ క్రాఫ్ట్ మ్యూజియం ఫోటోగ్రఫీకి బాగుంటుందా,TravelPhotography
Siddipet bus station lo elderly people ki luggage help chese staff unnara?,TravelAssistance
అడవిలో సఫారీ చేయడానికి ముందుగా బుక్ చేసుకోవాలా,WildlifeTourism
Tirupati railway station lo hearing impaired people kosam announcement lu text రూపంలో వస్తాయా లేదా చెప్పండి?,PlatformInformation
Emergency! Srikakulam agency area lo sudden ga rain paduthundi ferry cross cheyyochu leda,WeatherTravel
బస్సు టైమింగ్స్ చెప్పి పది గంటలైనా ఇంకా రాలేదు కస్టమర్ కేర్ ఎత్తడం లేదు,TravelDelay
Nagarkurnool bus depot lo wheelchair user train lo seat varaku velladaniki support?,TravelAssistance
Rangareddy railway station lo wheelchair users ki special access lane unda?,AccessibilitySupport
నేను బడ్జెట్ ట్రావెలర్ ని తక్కువ ఖర్చులో ఎక్కడ తిరగాలి,TravelRecommendation
tgrtc bus driver beechari daaka raakunda madhyalo dimpesadu nenu night time lo ekkadiki vellali naku bayam ga undi,TravelSafety
Nalgonda railway station lo wheelchair accessible train coach lu ekkada aaguthayo cheppandi?,PlatformInformation
ఈ ఊరిలో వర్క్ ఫ్రమ్ కేఫ్ ఆప్షన్స్ ఉన్నాయా,RemoteWorkTravel
కర్నూలు నుండి బయలుదేరి శ్రీశైలం వెళ్లడానికి సొంత కారులో వెళ్లడం మంచిదా దారి ఎలా ఉంటుంది,TravelPlanning
Mahabubnagar bus stand lo blind travelers ki navigation help unda?,NavigationHelp
Vikarabad railway depot lo wheelchair users ki special entry gate unda?,AccessibilitySupport
tata ac cab booking cancel ayyindi amount cut ayyindi refund ravatledu,TravelComplaint
నేను సోలో ట్రావెలర్ ని సేఫ్టీగా ఎక్కడ ఉండాలి,TravelRecommendation
Kakinada port lo boat ride ki booking online lo chesthunnara weather valla boat services cancel chesara,Transportation
హైదరాబాద్ లో బస్సు ఎక్కడ దొరుకుతుంది,Transportation
రాజమండ్రి నుండి ధవళేశ్వరం వెళ్ళడానికి ఎంత సమయం పడుతుంది,Transportation
బస్సులో ఇబ్బందిగా ఉంది,TravelSafety
Karimnagar bus depot lo blind travelers ki help chese staff unnara?,TravelAssistance
నేను నా పిల్లలతో కలిసి ట్రిప్ వెళ్తున్నాను సేఫ్టీ కోసం ఏ జాగ్రత్తలు తీసుకోవాలి,TravelSafety
vizag airport lo maa suitcase break ayindi nenu checkin appude photo teesanu evarini adagali compensation kosam,LuggageIssue
సముద్రం అల్లకల్లోలంగా ఉంది బోటు ప్రయాణం సేఫేనా,TravelSafety
Mancherial bus depot lo hearing impaired people ki announcement screen lu untaya?,PlatformInformation
wheelchair support kavali,AccessibilitySupport
కొండపల్లి కోట చూడటానికి ఏ సమయం బాగుంటుంది,TravelPlanning
శ్రీశైలం వెళ్లే మార్గంలో చక్రాల కుర్చీ వాడే వారికి అనువైన రవాణా సౌకర్యాలు మరియు బస్సులలో వెళ్ళడానికి ఏవైనా ప్రత్యేక అనుమతులు ఉన్నాయా?,Transportation
Vizag lo local sightseeing kosam private vehicle rent cheyyali rates entha,TravelRecommendation
wrong platform lo wait chestunna,NavigationHelp
ఫ్లైట్ మిస్ అయ్యింది,TravelDisruption
Khammam railway station lo hearing impaired travelers ki visual indicators unnay?,PlatformInformation
వరంగల్ లో చూడాల్సిన ప్రదేశాలు ఏవి,Tourism
తిరుమల కొండపై ఎక్కడైనా పార్కింగ్ సదుపాయం ఉందా సొంత కారులో వెళ్లచ్చా,Pilgrimage
guntur lo summer festival ki tourist guide kavali,TravelGuide
నేను యూరప్ నుండి వస్తున్నాను హైదరాబాద్ ఎయిర్‌పోర్ట్‌లో కస్టమ్స్ క్లియరెన్స్ కోసం చాలా సేపు వేచి ఉండాల్సి వస్తోంది నా కనెక్టింగ్ ఫ్లైట్ మిస్ అవుతాను,TravelAssistance
అరకు వెళ్లే మార్గంలో గాలిపటాలు ఎగిరే అవకాశం ఉందా,Tourism
Srisailam route navigation help cheyyandi,NavigationHelp
Mulugu railway depot lo blind travelers ki station path clear ga unda?,NavigationHelp
అకస్మాత్తుగా మా నాన్నకి హార్ట్ ఎటాక్ వచ్చింది,EmergencyTravel
హైదరాబాద్ నుండి విజయవాడ హైవే పైన ట్రాఫిక్ ఎలా ఉంది,Navigation
మా బాబుకి అర్ధరాత్రి ట్రైన్ లో వాంతులు అవుతున్నాయి ఎమర్జెన్సీ మెడికల్ హెల్ప్ కోసం నెక్స్ట్ స్టేషన్ లో ఎవరిని పిలవాలి,EmergencyTravel
Nalgonda nundi Srisailam velthunnam route lo emaina jungle areas unnaya safety precautions em teeskovali,TravelSafety
hyderabad lo upcoming cultural events details,LocalEvents
నేను ఫ్యామిలీతో వస్తున్నాను మంచి రెస్టారెంట్ కావాలి,RestaurantSearch
Nizamabad railway depot lo pregnant women ki priority boarding unda?,AccessibilitySupport
Hotel refund issue solve cheyyandi,TravelComplaint
మాకు సహాయం చేయండి,EmergencyTravel
ఎయిర్‌పోర్ట్ లో గేట్ తెలియడం లేదు,NavigationHelp
digital nomad ga untu remote work cheyadaniki best cafes in Pondicherry,DigitalNomadTravel
Mulugu bus stand lo wheelchair accessibility work status eppudu finish avuthundi?,AccessibilitySupport
నా ఆరేళ్ల బాబు రైల్వే స్టేషన్ రద్దీలో ఎక్కడికి వెళ్ళాడో తెలియడం లేదు ఎవరైనా ఎర్రటి చొక్కా వేసుకున్న బాబుని చూశారా దయచేసి హెల్ప్ చేయండి,EmergencyTravel
మా కుటుంబానికి హెల్ప్ కావాలి,EmergencyTravel
maa nanna gariki heart attack ochindi train lo unnam next station lo ambulance ready ga unchandi,EmergencyTravel
మా తాతయ్యగారికి కాలు నొప్పి ఉంది తిరుపతి మెట్ల మార్గంలో వెళ్ళలేరు ఆటో సౌకర్యం ఉందా,AccessibilitySupport
ఎల్లుండి కాకినాడ నుండి చెన్నై వెళ్లే ట్రైన్ టైమింగ్స్ చెప్పండి,Transportation
Araku valley lo traditional tribal handicrafts ekkada konali,SouvenirShopping
నేను నా బైక్ మీద ట్రిప్ వెళ్తున్నాను అరకు వెళ్ళే మార్గంలో ఫ్యూయల్ స్టేషన్స్ ఎక్కడ ఉంటాయి,NavigationHelp
నేను రైల్వే స్టేషన్ లో ఉన్నాను,NavigationHelp
పచ్చని ప్రకృతిలో క్యాంపింగ్ చేయాలని ఉంది ఏ ప్రాంతం బాగుంటుంది,NatureTourism
ట్రైన్ చాలా లేట్,TravelDelay
మా నాన్నగారు సీనియర్ సిటిజన్ ట్రైన్ లో లోయర్ బర్త్ ఎలా బుక్ చేయాలి,AccessibilitySupport
train lo light ledu,TravelComplaint
warangal lo naa phone auto lo marchipoya baga emergency naku help cheyandi,EmergencyTravel
ఎయిర్‌పోర్ట్ లో గేట్ నంబర్ తెలియడం లేదు,NavigationHelp
నేను నా ఫ్రెండ్స్ తో కలిసి ట్రిప్ వెళ్తున్నాను మంచి హోమ్ స్టే ఒకటి చెప్పండి,Accommodation
Adilabad bus station lo elderly people ki luggage transport service unda?,TravelAssistance
సింహాచలం లో దర్షన్,Pilgrimage
తిరుమల వెళ్లే దారిలో ఒక పిల్లాడు తన తల్లిదండ్రుల నుండి తప్పిపోయాడు ఎవరిని సంప్రదించాలి,EmergencyTravel
చిత్తూరు నుండి తిరుపతి వెళ్లే మార్గంలో రాత్రిపూట ఆటో రిక్షాలు దొరుకుతాయా మహిళా ప్రయాణికులకు రాత్రి సమయంలో భద్రత ఎలా ఉంటుంది,TravelSafety
ఈ ఊరి సంస్కృతి ఎలా ఉంటుంది,CulturalTourism
తిరుమల దర్శనం కోసం వెళ్తున్నాను కొండ మీద గది ఎలా బుక్ చేసుకోవాలి,TravelPlanning
వైజాగ్ లో నేను హోటల్ బుక్ చేశాను అక్కడ ఎలా వెళ్ళాలి,RoutePlanning
నేను విదేశీ పర్యాటకుని కనకదుర్గ గుడిలో దర్శనం కోసం ఏమైనా ప్రత్యేక పద్ధతులు ఉన్నాయా,Pilgrimage
Guntur nundi village ki bus route list kavali,LocalServices
సికింద్రాబాద్ స్టేషన్ ట్రైన్,Transportation
నేను విజయవాడ నుండి బయలుదేరి శ్రీశైలం వెళ్తున్నాను దారి ఎలా ఉంటుంది,NavigationHelp
స్థానిక మార్కెట్ లో ఫ్రెష్ ఫ్రూట్స్ దొరుకుతాయా,LocalMarket
bus lo thief unnadu,TravelSafety
Vizag metro station lo elderly people kosam lifts and escalators sariga pani chesthunnaya ledante nenu entha duram nadavali?,NavigationHelp
సింహాచలం దర్శనం కోసం ఆన్లైన్ బుకింగ్ చేశా కానీ క్యూఆర్ కోడ్ రావట్లేదు,TravelTechnology
నేను సోలో ట్రావెలర్ ని నాగార్జున సాగర్ లో హోస్టల్స్ లేదా బడ్జెట్ స్టేస్ ఏమైనా ఉన్నాయా,Accommodation
నేను బుక్ చేసిన హోటల్ చెక్ అవుట్ టైమ్ అయిపోయింది కానీ ఫ్లైట్ లేట్ కొద్దిసేపు గదిలో ఉండచ్చా,Accommodation
సింహాచలం లో దర్షన్ టికెట్,Pilgrimage
ఈ రెస్టారెంట్ లో భోజనం చాలా రుచిగా ఉంది అందరూ వెళ్ళండి,TravelReview
Rajamundry airport lo flight delayed connection flight miss ayithe airlines vallu food coupon istara,TravelDelay
బస్సు సర్వీస్ చాలా వరస్ట్ గా ఉంది,TravelComplaint
నేను తిరుమలలో ఉన్నాను దర్శనం కోసం ఎంత టైమ్ పడుతుంది,Pilgrimage
విశాఖపట్నం రైల్వే స్టేషన్‌లో క్లోక్ రూమ్ సదుపాయం ఉందా నా బ్యాగ్ ఒక రోజు ఉంచుకోవడానికి ఎంత ఖర్చు అవుతుంది,LuggageIssue
అరకులోయలో బెస్ట్ సన్‌సెట్ పాయింట్ ఏది,NatureTourism
Yadadri Bhuvanagiri bus stand lo hearing impaired people ki info desk?,TravelAssistance
nellore lo seafood specialties em untayi,LocalCuisine
Guntur nundi Vijayawada Durga temple ki public transport ela undi bus numbers cheppandi,NavigationHelp
హైదరాబాద్ నుండి అరకు వెళ్లే ట్రైన్ లో సీటు దొరకడం లేదు వేరే ప్రత్యామ్నాయ మార్గాలు ఏమైనా ఉన్నాయా,TravelPlanning
నేను నా స్నేహితులతో కలిసి ట్రెక్కింగ్ వెళ్తున్నాను అక్కడ ఏం పర్మిషన్ తీసుకోవాలి,TravelPlanning
Bhongir railway station lo hearing impaired people ki info boards unnay?,PlatformInformation
వైజాగ్ లో బీచ్ ఫోటోగ్రఫీ,Tourism
వైజాగ్ లో పర్యాటక ప్రదేశాలు,Tourism
bus lo light ledhu,TravelSafety
నా నాన్నకి మెడికల్ ఎమర్జెన్సీ,EmergencyTravel
నేను నా కుటుంబంతో కలిసి దర్శనానికి వెళ్తున్నాను అక్కడ హోటల్ ఎక్కడ బుక్ చేయాలి,TravelPlanning
నేను ట్రైన్ కోసం వెయిట్ చేస్తున్నాను నా ట్రైన్ ఎప్పుడు వస్తుంది,TrainStatus
Vijayawada lo bus accident valla traffic jam ayindi airport ki velle cab miss ayithe flight ticket refund vasthunda,RefundRequest
తిరుపతి లో దర్షన్,Pilgrimage
Vikarabad railway station lo blind person ki station navigation help chestaru?,NavigationHelp
కాశీ యాత్ర ప్లాన్ చేయండి,TravelPlanning
Komaram Bheem Asifabad railway station lo wheelchair accessibility work eppudu finish avuthundi?,AccessibilitySupport
Tirupati darsanam ki vellali elderly parents unnaru special darshan queue entry details cheppandi,AccessibilitySupport
బస్సులో ఏసీ సరిగ్గా పనిచేయడం లేదు ఉక్కపోతతో ఊపిరి ఆడనివ్వడం లేదు కండక్టర్ని అడిగితే అది నా పని కాదు అంటున్నారు ఇంత చెత్త సర్వీస్ ఎక్కడా చూడలేదు,TravelComplaint
నేను నడవలేను సహాయం చేయండి,AccessibilitySupport
Kurnool nundi velle express train lo garbini la ku ketayinchina lower berth seat lu confirm avvadaniki entha samayam paduthundi?,SeatSelection
రామప్ప గుడికి వెళ్తున్నాము చారిత్రక నేపథ్యం వివరించే లోకల్ గైడ్స్ దొరుకుతారా,Tourism
Mulugu bus stand lo blind travelers ki station path clear ga unda?,NavigationHelp
Srikakulam railway station lo platform change ayithe elderly passengers ki help chese volunteers unnaya?,PlatformInformation
Khammam bus depot lo hearing impaired travelers ki visual indicators unnay?,PlatformInformation
Maa honeymoon trip ki Vizag lo best beach resort suggest cheyyandi,Accommodation
విశాఖపట్నం సబ్ మెరైన్ మ్యూజియం చూడటానికి వెళ్తున్నాను అక్కడికి దగ్గరలో బస్ స్టాప్ ఏది,NavigationHelp
ఈ ప్రాంతంలో పర్యాటక రంగం అభివృద్ధికి ప్రభుత్వం ఏమేమి చర్యలు తీసుకుంది,TravelCommunity
Adilabad railway station lo elderly people ki luggage transport service unda?,TravelAssistance
Vijayawada bus stand lo vruddhula kosam andubatu lo unde soukaryavanthamaina waiting room lu ekkada unnay chudandi?,NavigationHelp
వరంగల్ లో ఆటోలో బ్యాగ్ మర్చిపోయాను అందులో నా ఆఫీస్ ల్యాప్‌టాప్ ఉంది ఆ ఆటోవాడు ఎక్కడికి వెళ్లాడో తెలియడం లేదు,LuggageIssue
ట్రైన్ టైం కి రావడం లేదు,TravelDelay
హైదరాబాద్ లో ఫుడ్ ఎక్కడ బాగుంటుంది,FoodAndDining
రాజమండ్రి లో బోటు,Tourism
ఈ రెస్టారెంట్ లో వెజ్ భోజనం దొరుకుతుందా,RestaurantSearch
విశాఖపట్నం రైల్వే స్టేషన్‌లో మాకు ట్రైన్ ఎక్కడానికి సహాయకులు (పోర్టర్లు) దొరకడం లేదు మా సామాను చాలా ఎక్కువగా ఉందిఎవరిని అడగాలి,TravelAssistance
విశాఖపట్నం బీచ్ లో బోటింగ్ సదుపాయం ఏ సమయంలో అందుబాటులో ఉంటుంది టికెట్ ధర ఎంత ఉంటుంది,Tourism
వరంగల్ లో హోటల్,Accommodation
Wanaparthy railway depot lo pregnant ladies ki special facilities unnaya?,AccessibilitySupport
నేను బాసర సరస్వతి ఆలయానికి వెళ్తున్నాను దర్శనం కోసం ఎలా బుక్ చేయాలి,Pilgrimage
Hotel cleanliness baledu bedsheets change cheyyalani manager ki cheppina evaru raledu,TravelComplaint
బస్సులో ఏసీ చాలా తక్కువగా ఉంది డ్రైవర్ ని అడిగితే ఆయన ఏమీ చేయలేను అంటున్నారు నేను కంప్లైంట్ ఇవ్వాలి,TravelComplaint
నల్గొండ నుండి వరంగల్ వెళ్లే దారిలో భారీ వర్షాల వల్ల వరదలు వచ్చాయి మేము ఇక్కడే చిక్కుకుపోయాము అధికారులు సహాయం కోసం ఎక్కడ సంప్రదించాలి,EmergencyTravel
Jagtial bus station lo vinikidi lopam unnavariki information ivvadaniki sign language expert lu untara?,TravelAssistance
అరకు లో స్టే,Accommodation
విజయవాడ కనకదుర్గ గుడికి వెళ్తున్నాము చుట్టుపక్కల వెజ్ భోజనం దొరికే మంచి హోటల్స్ ఏవి,FoodAndDining
ట్రైన్ రద్దయ్యిందని మెసేజ్ వచ్చింది ఇప్పుడేం చేయాలి,TravelDisruption
హైదరాబాద్ లో ట్రాఫిక్ అప్డేట్,WeatherTravel
హైదరాబాద్ నుండి శ్రీశైలం వెళ్లే మార్గంలో మంచి స్ట్రీట్ ఫుడ్ సెంటర్స్ ఏవి,FoodAndDining
vizianagaram lo local handicrafts shop address kavali,SouvenirShopping
Mantralayam lo accomodation ki online booking site edhi,Pilgrimage
వరంగల్ కోట చూడటానికి వెళ్తున్నాను లోకల్ గైడ్ ని ఎక్కడ సంప్రదించాలి,NavigationHelp
తిరుపతి లో రూమ్ బుకింగ్,Accommodation
ప్రకాశం బ్యారేజ్ దగ్గర బోటు షికారు బుకింగ్ ఎలా,Tourism
నేను నా పెట్ తో కలిసి వెళ్తున్నాను బస్సులో అనుమతి ఇస్తారా,PetTravel
భారీ వరదల వల్ల గుంటూరుకు వెళ్లే అన్ని బస్సులు ఆగిపోయాయి నా గర్భిణీ భార్యకు ప్రసవ నొప్పులు వస్తున్నాయి ఎమర్జెన్సీగా బయటికి ఎలా వెళ్లాలి,EmergencyTravel
Warangal railway station lo wheelchair accessibility facilities gurinchi telusukovali?,AccessibilitySupport
Hyderabad nundi flight missed next flight next day undi ippudu airport lo ne undala leda hotel ki vellala,EmergencyTravel
నా తాతయ్యకి ట్రైన్ ఎక్కడానికి సహాయం కావాలి వీల్ చైర్ బుక్ చేశాం కానీ ఇక్కడ ఒక్కరూ రాలేదు,AccessibilitySupport
విజయవాడ స్టేషన్లో నా ఫోన్ ఎవరో లాక్కున్నారు,TravelSafety
హైదరాబాద్ ఎయిర్ పోర్ట్ లో గర్భిణీ స్త్రీల కోసం బోర్డింగ్ గేట్ వద్ద ప్రత్యేకమైన సెక్యూరిటీ చెకింగ్ మరియు సహాయక బృందం ఉంటారా?,AccessibilitySupport
Vizag beach lo drone flying ki permission kavali official website link share cheyandi,TravelTechnology
ఈ ఊరిలో ట్రైబల్ క్రాఫ్ట్స్ దొరుకుతాయా,SouvenirShopping
Train lo berth selection option lo upper berth vachindi naaku knee pain undi,SeatSelection
Kurnool lo authentic Rayalaseema food ekkada dorukuthundi,FoodAndDining
ట్రైన్ లో ఫుడ్ తిన్న తర్వాత మా ఫ్యామిలీ అంతా వాంతులు చేసుకుంటున్నాము,TravelComplaint
నాకు ట్రైన్ నంబర్ తెలియదు ఏ ప్లాట్‌ఫారమ్ కి వెళ్లాలో హెల్ప్ చేయండి,NavigationHelp
విశాఖపట్నం ఎయిర్ పోర్ట్ లో ఈసిమ్ సదుపాయం ఎలా ఉంటుంది,TravelTechnology
గుంటూరులో ఈరోజు వర్షం పడుతుందా,TravelSupport
లగేజ్ లో వస్తువులు దొంగిలించారు,LuggageIssue
Nagarkurnool bus stand lo pregnant ladies ki seating arrangements ela untayi?,AccessibilitySupport
station lo water ledu,TravelComplaint
విజయవాడ లో ట్రాఫిక్,Navigation
హైదరాబాద్ సిటీ బస్ లో నా పర్స్ మర్చిపోయా హెల్ప్ కావాలి,LostAndFound
వైజాగ్ లో హోటల్,Accommodation
ఏలూరు నుండి కొల్లేరు సరస్సు చూడటానికి వెళ్తున్నాము అక్కడికి పబ్లిక్ ట్రాన్స్‌పోర్ట్ సౌకర్యం ఎలా ఉంది,NavigationHelp
నేను సోలో ట్రావెలర్ ని వైజాగ్ లో ఉండటానికి సేఫ్ అయిన హోటల్ ఏది,Accommodation
remote work kosam best WiFi unna resorts Coorg lo unnaaya,RemoteWorkTravel
రాజమండ్రి లో ట్రాన్స్పోర్ట్,Transportation
తిరుపతికి వెళ్లే ఆర్టీసీ బస్సులో చక్రాల కుర్చీ వాడే వారికి ప్రత్యేకమైన ర్యాంపు సదుపాయం ఉందా?,AccessibilitySupport
నేను ట్రైన్ లో ఉన్నాను టికెట్ చెకర్ వచ్చి నా టికెట్ అడుగుతున్నారు,TravelAssistance
Train compartment lo loud music peduthunnaru control cheyyandi,TravelComplaint
nenu wheelchair user ni metro station lo lift work avvatledu nenu road loki ela velali,AccessibilitySupport
nenu railway station lo unnanu naa pilladu kanipinchatledu kurchini chustunnanu help cheyandi,EmergencyTravel
అరకు వెళ్లే బస్సు సర్వీస్ బాగుంటుందా,Transportation
Jogulamba Gadwal railway depot lo pregnant women ki medical support unda?,TravelAssistance
vijayawada lo digital payment gurinchi tourists ki awareness,TravelTechnology
విజయవాడలో జరిగే కల్చరల్ ఈవెంట్స్ లిస్ట్ కావాలి,LocalEvents
నేను హైదరాబాద్ లో ఉన్నాను మంచి హోటల్ ఒకటి చెప్పండి,Accommodation
తిరుపతి రైల్వే స్టేషన్‌లో నేను నా పర్స్ పోగొట్టుకున్నాను అందులో నా ఐడి కార్డ్స్ ఉన్నాయి ఎవరిని సంప్రదించాలి,TravelAssistance
హైదరాబాద్ లో ఫ్యామిలీతో విజిట్ చేయడానికి మంచి మ్యూజియమ్స్ ఏవి,Tourism
నేను అంధుడిని తిరుమలలో దర్షన్ కి సహాయం కావాలి,AccessibilitySupport
శ్రీశైలం మార్గంలో హోటల్,FoodAndDining
నా వీల్ చైర్ ఎక్కడ,AccessibilitySupport
Hotel lo wifi signal chala weak ga undi work cheyyatledu,Accommodation
bhavani island lo kayaking adventure kosam requirements,AdventureTravel
Nizamabad railway station lo pregnant women ki priority boarding unda?,AccessibilitySupport
విజయవాడ లో హోటల్,Accommodation
తిరుపతి లో దర్షన్ టికెట్,Pilgrimage
Anakapalle bus complex lo elderly travelers kosam special seating area unda ekkada chusthe untundi?,NavigationHelp
Peddapalli bus station lo elderly people ki special bus boarding facility unda?,AccessibilitySupport
Gadwal railway station lo wheelchair accessibility status entha varaku undi?,AccessibilitySupport
Nagarkurnool bus stand lo wheelchair user train lo seat varaku velladaniki support?,TravelAssistance
నేను వెజిటేరియన్ ని ఈ రెస్టారెంట్ లో వెజ్ ఆప్షన్స్ ఎలా ఉంటాయి,RestaurantSearch
Remote village festival chudalani undi connectivity and local transport details cheppandi,TravelPlanning
Hyderabad metro lo card balance check chesukovadam ela,NavigationHelp
స్థానిక వంటకాలు ట్రై చేయాలనుకుంటున్నాను ఎక్కడ బాగుంటాయి,LocalCuisine
హైదరాబాద్ లో ట్రాఫిక్ వల్ల నా ఫ్లైట్ మిస్ అయ్యేలా ఉంది,TravelDelay
remote work ki best coworking spaces in Kochi,RemoteWorkTravel
Tirumala lo special entry darshan tickets eppudu release avuthayi ma family motham ki book cheyyali,Pilgrimage
Akka! Tirupati lo darsanam ticket confirm ayindi but print ravatledu customer care ki ela complain cheyali,TravelComplaint
విశాఖపట్నంలో సీఫుడ్ రుచులు దొరికే బెస్ట్ ప్లేస్ ఏది,LocalCuisine
ఫ్లైట్ క్యాన్సిల్ అయ్యిందని చివరి నిమిషంలో చెప్పారు హోటల్ సౌకర్యం కూడా కల్పించడం లేదు ఈ అర్ధరాత్రి నేను ఎక్కడికి వెళ్లాలి,TravelComplaint
Train route lo land slide valla route block ayindi kurnool nundi velle vere bus route emina unda,TravelDisruption
ట్రైన్ ఎందుకు ఆగింది,TravelDelay
Rangareddy bus stand lo wheelchair users ki special access lane unda?,AccessibilitySupport
నేను సోలో ట్రావెలర్ ని ఎక్కడికి వెళ్లాలో చెప్పండి,TravelRecommendation
బస్సు దారి మళ్లించారు,TravelDisruption
కార్పొరేట్ మీటింగ్ కోసం ట్రావెల్ ప్లాన్ చేస్తున్నాను,TravelTechnology
ఎయిర్‌పోర్ట్ లో గేట్ నంబర్ మారిందా,NavigationHelp
bus driver rudely talk,TravelComplaint
Srisailam lo evening darshan ki crowd ela untundi,Pilgrimage
Vizag lo camping ki permission kavali forest department website lo login failure avthondi,NavigationHelp
ఎవరినీ అడగలేకపోతున్నాను,NavigationHelp
hyderabad city bus lo ladies seat lo gents kurchunnaru conductor cheptunna vinaledu,TravelComplaint
vijayawada lo bus stand daggara pickpocket jarigindi naa wallet lo tickets koda unnay em cheyali,TravelSafety
తిరుపతిలో రూమ్ రెంట్ ఎంత ఉంటుంది,Accommodation
శ్రీశైలం వెళ్ళే మార్గంలో ఫారెస్ట్ ఏరియాలో భయం వేస్తోంది,TravelSafety
srikakulam lo flood valla bus road block ayyi undi maku thini kurchodaniki kuda em ledu emina help cheyandi,TravelDisruption
Annavaram temple prasadam booking online lo chesthe receipt ravatledu em cheyyali,TicketBooking
వరంగల్ జిల్లాలో కొత్తగా ప్రారంభించిన టూరిస్ట్ ప్లేస్ కి వెళ్లడానికి బస్సు ఉందా,RoutePlanning
Rayalaseema lo konni remote villages lo local transport dorakatledu share auto contact details dorukuthaya,LocalServices
Train waitlist 30 lo undi confirmation avvada alternative route emaina suggest cheyyandi,TravelPlanning
Jayashankar Bhupalpally bus station lo elderly travelers ki platform access?,AccessibilitySupport
విజయవాడ ఎయిర్‌పోర్ట్‌లో కనెక్టింగ్ ఫ్లైట్ కోసం బోర్డింగ్ పాస్ ఎక్కడ తీసుకోవాలి,TerminalConfusion
అరకు లో స్టేయింగ్,Accommodation
శ్రీశైలం వెళ్లే దారిలో పెట్రోల్ బంకులు మరియు EV ఛార్జింగ్ పాయింట్లు ఎక్కడెక్కడ ఉంటాయి,NavigationHelp
నా బిడ్డ అకస్మాత్తుగా వాంతులు చేసుకుంటుంది ట్రైన్ లో మెడికల్ కిట్ ఉందా,EmergencyTravel
chennai express platform enduku marcharu nenu wrong side lo wait chestunnanu train vachesindi,NavigationHelp
Narayanpet bus stand lo pregnant women kosam clean toilets unnay?,AccessibilitySupport
చిత్తూరులో ఆటో డ్రైవర్లు చాలా ఎక్కువ అడుగుతున్నారు,Transportation
నేను నా ఫ్యామిలీతో వైజాగ్ వెళ్తున్నాను 3 రోజుల ట్రిప్ ప్లాన్ ఎలా ఉండాలి,TravelPlanning
ఎయిర్‌పోర్ట్‌లో నా గేట్ నంబర్ కన్ఫ్యూజ్ అయ్యాను పక్కన ఉన్న ఎవరినీ అడగలేకపోతున్నాను సహాయం చేయండి,NavigationHelp
Jogulamba Gadwal bus stand lo pregnant women ki medical support unda?,TravelAssistance
Gadwal railway depot lo pregnant women ki seating arrangements unnaya?,AccessibilitySupport
నెల్లూరు నుండి బెంగుళూరు వెళ్లే బస్సులో డ్రైవర్ మధ్యలో ఎక్కడో ఆపేసి వెళ్ళిపోయారు మేము అందరం రోడ్డు మీద స్ట్రాండెడ్ గా ఉన్నాము,TravelDisruption
ట్రైన్ లేట్ అయింది,TravelDelay
నేను గర్భిణీ స్త్రీని ట్రైన్ ప్రయాణంలో నాకు ఏమైనా అదనపు సౌకర్యాలు ఉంటాయా లేదా డాక్టర్ పర్మిషన్ లెటర్ అవసరమా,AccessibilitySupport
సమ్మర్ లో బాసర సరస్వతి ఆలయం దర్శనానికి భక్తుల రద్దీ ఎలా ఉంటుంది,Pilgrimage
హైదరాబాద్ లో క్యాబ్ బుక్ చేశాను డ్రైవర్ ఎప్పుడు వస్తాడు,Transportation
బస్సు సర్వీస్ బాగోలేదు,TravelComplaint
నా వర్క్ కోసం వైజాగ్ లో నిశ్శబ్దంగా ఉండే వర్క్ స్పేస్ లు కావాలి,RemoteWorkTravel
Nellore bus stand lo overnight wait cheyyali solo traveler ni safety gurinchi koncham bhayam ga undi,TravelSafety
digital nomad ga kodaikanal lo long stay ki tips,DigitalNomadTravel
నేను భయంగా ఉన్నాను,TravelSafety
ట్రైన్ టికెట్ క్యాన్సిల్ చేశా కానీ అమౌంట్ రీఫండ్ ఇంకా రాలేదు,RefundRequest
నా పర్స్ దొంగిలించారు,TravelSafety
హైదరాబాద్ నుండి వైజాగ్ వెళ్లే బస్సులో ఎంత లగేజ్ తీసుకెళ్లవచ్చు,LuggageIssue
ప్లాట్‌ఫారమ్ మార్చారు,NavigationHelp
Tirupati nundi Tirumala route security ela untundi,TravelSafety
మాతృశ్రీ ట్రైన్ ఎప్పుడు వస్తుంది ట్రైన్ లేట్ అవుతుందా,Transportation
హైదరాబాద్ నుండి బయలుదేరి శ్రీశైలం వెళ్లడానికి ఎన్ని గంటలు పడుతుంది,NavigationHelp
నేను హోటల్ రూమ్ లో లగేజ్ మర్చిపోయాను అది దొరకడానికి హెల్ప్ చేయండి,TravelAssistance
నేను విదేశీయుడిని నా పాస్‌పోర్ట్ ఎయిర్‌పోర్ట్‌లో దొంగిలించబడింది,EmergencyTravel
బస్సు దారి మార్చారు,TravelDisruption
ఈ ప్రాంతంలో ఫేమస్ కోట ఏది,CulturalTourism
Train cancellation ayindi money refund delay avthundi help,RefundRequest
బస్సు సర్వీస్ అస్సలు బాలేదు,TravelComplaint
Medchal Malkajgiri railway depot lo elderly passengers ki boarding facility unda?,AccessibilitySupport
అడ్వెంచర్ ట్రిప్ కి వెళ్తున్నాను రివర్ రాఫ్టింగ్ ఎక్కడ జరుగుతుంది,AdventureTravel
నేను విదేశీ పర్యాటకుని ఇండియాలో రైల్వే టికెట్ బుక్ చేసుకోవడానికి ఏమైనా ప్రత్యేక యాప్ ఉందా,TravelPlanning
అరకులోయ పర్యటన ఎలా ఉంటుంది,TravelReview
చిత్తూరు పరిసర ప్రాంతాల్లో ఉండే వాటర్ ఫాల్స్ వివరాలు కావాలి,NavigationHelp
చిత్తూరు జిల్లాలోని గుడుల గురించి పూర్తి సమాచారం ఎక్కడ దొరుకుతుంది,Pilgrimage
నేను ఒంటరిగా బస్టాండ్‌లో ఉన్నాను దయచేసి సహాయం చేయండి,TravelSafety
నేను విజయవాడ లో మంచి రెస్టారెంట్ కోసం వెతుకుతున్నాను,FoodAndDining
వైజాగ్ లో నేను టాక్సీ బుక్ చేశాను డ్రైవర్ ఫోన్ ఎత్తడం లేదు,TravelComplaint
kashmir lo trekking ki velle mundu em em precautions teesukovali,TravelGuide
స్టేషన్ లో తాగునీరు లేదు,TravelComplaint
నేను కుటుంబంతో కలిసి విలేజ్ టూరిజం వెళ్తున్నాను,RuralTourism
సమ్మక్క సారలమ్మ జాతరకు వెళ్లాలి ఏ రూట్లో వెళ్తే ట్రాఫిక్ తక్కువగా ఉంటుంది,TravelPlanning
రైలు టికెట్ కన్ఫర్మ్ కాలేదు టికెట్ డబ్బులు ఎలా వెనక్కి వస్తాయి,RefundRequest
విజయవాడ కనకదుర్గ గుడికి వెళ్లే మార్గంలో ట్రాఫిక్ చాలా ఎక్కువ ఉంది దర్శనానికి వెళ్లే పద్ధతి ఏంటి,RoutePlanning
నేను నా ఫోన్ పోగొట్టుకున్నాను పోలీస్ కంప్లైంట్ ఇవ్వడానికి ఎక్కడికి వెళ్లాలి,TravelSafety
నేను వెళ్ళిన రెస్టారెంట్ లో క్వాలిటీ అస్సలు బాలేదు దీనిపై కంప్లైంట్ ఎక్కడ చేయాలి,FoodAndDining
నేను నా పెంపుడు పిల్లిని తీసుకెళ్తున్నాను,PetTravel
flight cancel ayyindi mail ochindi kani refund status update avvatledu appudnundi check chestunnanu,TravelComplaint
కడపలో బస్సు టికెట్ బుక్ చేసుకున్నాను కానీ బస్సు రద్దయింది నా అమౌంట్ ఎప్పుడు వస్తుంది,RefundRequest
విజయవాడ నుండి వైజాగ్ వెళ్లే విమానం ఐదు గంటల పాటు ఆలస్యమైంది మాకు కనీసం మంచి నీళ్లు కూడా ఇవ్వలేదు,TravelDelay
విజయవాడలో జైన్ ఫుడ్ దొరికే మంచి రెస్టారెంట్ ఒకటి చెప్పండి,RestaurantSearch
kavali lo local market products review,LocalMarket
ప్లాట్‌ఫారమ్ కన్ఫ్యూజ్ అయ్యాను,NavigationHelp
హైదరాబాద్ లో రాత్రి 12 గంటలకి దిగాను మా ఇంటికి వెళ్ళడానికి ఏ రకమైన క్యాబ్ సేఫ్ గా ఉంటుంది,TravelSafety
Jayashankar Bhupalpally bus depot lo blind travelers ki direction signage lu unnay?,NavigationHelp
వైజాగ్ లో బీచ్ రోడ్డు,Tourism
నేను నా స్నేహితులతో కలిసి ట్రిప్ వెళ్తున్నాను ఎక్కడికి వెళ్లాలో చెప్పండి,TravelRecommendation
Bangalore to Mysore train travel app lo UPI payment option ledhu yenduku,TravelTechnology
హైదరాబాద్ నుండి వైజాగ్ కి ఫ్లైట్ ఎన్ని గంటలకు ఉంది,FlightStatus
విజయవాడలో బెస్ట్ హ్యాండీక్రాఫ్ట్స్ షాపులు ఏవి,Shopping
Peddapalli railway station lo elderly people ki special bus boarding facility unda?,AccessibilitySupport
వైల్డ్ లైఫ్ సాంచురీలో సఫారీ టైమింగ్స్ ఏవి,WildlifeTourism
Vikarabad bus station lo wheelchair users ki special entry gate unda?,AccessibilitySupport
Nellore bus stand lo display board mida bus timing wrong ga chusthondi transportation info kavali,BusStatus
Jogulamba Gadwal bus depot lo pregnant women ki medical support unda?,TravelAssistance
train cancel ayyi chala time ayyindi,TravelDisruption
వరంగల్ పబ్లిక్ గార్డెన్స్ దగ్గర నుండి వెళ్లే ఆటో డ్రైవర్లు కావాలని ఎక్కువగా వసూలు చేస్తున్నారు అడిగితే దౌర్జన్యం చేస్తున్నారు,TravelSafety
nenu wrong gate ki vachanu 10 mins lo boarding closing help,NavigationHelp
Kanakadurga temple parking fee entha car ni safe ga ekkada pettali,TravelSafety
Kothagudem bus station lo pregnant ladies ki rest room facility unda?,AccessibilitySupport
శ్రీశైలం వెళ్లే మార్గంలో హోటల్స్ ఎలా ఉంటాయి,FoodAndDining
Warangal bus stand lo wheelchair accessibility facilities gurinchi telusukovali?,AccessibilitySupport
నేను విదేశీయుడిని నా దగ్గర ఇండియన్ కరెన్సీ లేదు ఎయిర్ పోర్ట్ లో ఎక్స్ఛేంజ్ సెంటర్ ఎక్కడ ఉంది,TravelAssistance
నేను సోలో ట్రావెలర్ ని సాయంత్రం 7 గంటలకి ట్రైన్ దిగుతాను బయట వెయిటింగ్ ఎలా ఉంటుంది,TravelSafety
శ్రీశైలం లో దర్షన్ ప్లాన్,Pilgrimage
బెంగుళూరు నుండి విజయవాడ వస్తున్న వందే భారత్ ట్రైన్ నాలుగు గంటలు ఆలస్యంగా నడుస్తోంది నేను ఎయిర్ పోర్ట్ కి వెళ్ళే కనెక్టింగ్ బస్సు మిస్ అవుతాను ఇప్పుడు నా టికెట్ డబ్బులు వెనక్కి వస్తాయా,TravelDelay
Anantapur lo wheel chair vade variki andubatu lo unde lodge lu mariyu akkada toilets wheelchair friendly ga untaya?,NavigationHelp
యాత్రికుల రద్దీ వల్ల తిరుపతిలో హోటల్ గదులు దొరకడం లేదు ప్రత్యామ్నాయంగా ఎక్కడ ఉండవచ్చు,Accommodation
తిరుమల కొండ మీదకి వెళ్ళడానికి కారులో వెళ్లచ్చా లేదా ఆర్టీసీ బస్సులోనే వెళ్లాలా అక్కడ పార్కింగ్ సదుపాయం ఎలా ఉంటుంది,Transportation
Train lo ac pani cheyatledu 10 gantala journey ela cheyyali TTE ki complain chesina respond avvatledu,TravelComplaint
నా చెవిటి అబ్బాయికి బస్సు ఏ స్టేషన్లో ఆగుతుందో తెలియడం లేదు కండక్టర్ అతనికి ఏమీ వివరించడం లేదు సహాయం చేయండి,AccessibilitySupport
తిరుమలలో నాకు గది దొరకడం లేదు వేరే ఆప్షన్స్ ఏమైనా ఉన్నాయా,Accommodation
అన్నయ్య ఈరోజు వాతావరణం ఎలా ఉంటుంది మా ఊరు వెళ్ళొచ్చా,WeatherTravel
తిరుమల దర్శనం కోసం వెయిటింగ్ టైమ్ ఎలా తెలుసుకోవాలి,Pilgrimage
ఎయిర్‌పోర్ట్ లో బోర్డింగ్ గేట్ కన్ఫ్యూజ్ అయ్యాను,NavigationHelp
ఫ్లైట్ ల్యాండ్ అయిన తర్వాత ఒక గంట వరకు మా లగేజ్ రాలేదు ఎయిర్ లైన్ స్టాఫ్ ని అడిగితే మాకు తెలియదు అంటున్నారు,LuggageIssue
Wanaparthy bus depot lo pregnant ladies ki special facilities unnaya?,AccessibilitySupport
Annavaram temple gate daggara luggage storage unna,TravelAssistance
Karimnagar nundi prayaninche vruddhulu mariyu blind travelers kosam bus conductor lu special care teesukuntara?,TravelAssistance
ఏం చేయాలో అర్థం కావట్లేదు,TravelAssistance
Bus cancel ayindi alternative bus lo ticket booking process cheppandi,TicketBooking
వరంగల్ లో పర్యాటకం,Tourism
స్థానిక సంప్రదాయ వంటకాలు కావాలి,LocalCuisine
flight boarding close ayyinda,TravelDelay
అమరావతి లో సందర్శన,Tourism
బస్సులో ఎవరూ మాస్క్ వేసుకోవడం లేదు నాకు కరోనా భయంగా ఉంది,TravelSafety
వరంగల్ జాతరకు వెళ్లేటప్పుడు తీసుకోవాల్సిన జాగ్రత్తలు ఏంటి,TravelSafety
maa ammayi train lo single ga travel chestundi naku rpf number kavali safety kosam,TravelSafety
Adilabad bus depot lo elderly people ki luggage transport service unda?,TravelAssistance
నేను నా స్నేహితులతో కలిసి ట్రెక్కింగ్ వెళ్తున్నాను అక్కడ ఏమైనా పర్మిషన్ తీసుకోవాలా,TravelPlanning
శ్రీశైలం వెళ్లే మార్గంలో భారీ వర్షాల వల్ల కొండ చరియలు విరిగిపడి రోడ్డు పూర్తిగా మూసుకుపోయింది మేము ఇక్కడే బస్సులో చిక్కుకుపోయాము అధికారులు ఎవరైనా వచ్చి సహాయం చేయరా,TravelDisruption
Kamareddy railway station lo elderly travelers ki platform bridge lift unda?,AccessibilitySupport
నాకు వెజిటేరియన్ మాత్రమే ఇష్టం విజయవాడలో అలాంటి ప్యూర్ వెజ్ హోటల్స్ ఏమైనా ఉంటే చెప్పండి,FoodAndDining
andhra pradesh lo best bird watching sanctuaries,NatureTourism
నేను రైలు టికెట్ క్యాన్సిల్ చేశాను నా డబ్బులు ఎప్పుడు వస్తాయి,RefundRequest
తిరుపతిలో నేను బుక్ చేసిన హోటల్ రూమ్ లో ఏసీ పనిచేయడం లేదు కంప్లైంట్ ఎక్కడ ఇవ్వాలి,Accommodation
నెల్లూరు లో హోటల్,Accommodation
అరకులోయలో ఈకో ఫ్రెండ్లీ రిసార్ట్స్ ఏవి,EcoTourism
Jagtial bus depot lo wheelchair accessibility status entha?,AccessibilitySupport
Bus breakdown ayindi road mida stranded ga unnam help cheyyandi,TravelAssistance
నేను తిరుపతిలో ఉన్నాను ఆలయానికి ఎలా వెళ్ళాలి,NavigationHelp
ఈ బీచ్ లో సర్ఫింగ్ చేయడానికి అవకాశం ఉందా,AdventureTravel
విశాఖపట్నం ఎయిర్‌పోర్ట్‌లో ఇమ్మిగ్రేషన్ క్యూ చాలా ఎక్కువగా ఉంది నా ఫ్లైట్ బోర్డింగ్ సమయం అయిపోతుంది సిబ్బందిని ఎవరిని అడగాలి,TravelAssistance
Papikondalu boat trip ticket book chesa weather balekapothe refund isthara,TravelComplaint
విజయవాడ కనకదుర్గమ్మ గుడికి వెళ్తున్నాం రద్దీ ఎలా ఉంది,Pilgrimage
బస్సులో చోరీ జరిగింది,TravelSafety
Train lo medicines marchipoya emergency ga supply emaina possible ah,EmergencyTravel
Kakinada lo boat ride ki velthunna life jackets provide chestara,TravelSafety
మచిలీపట్నం పోర్టు దగ్గర సముద్రం పొంగుతోంది ఇప్పుడు వెళ్ళడం ప్రమాదకరమా,TravelSafety
ఈ వర్షాల వల్ల బస్సు ఎక్కడికి వెళ్లాలో తెలియక మేము అందరం వరదలో చిక్కుకుపోయాము పైన నీళ్లు పెరుగుతున్నాయి,EmergencyTravel
గేట్ నంబర్ ఎక్కడ ఉంది,NavigationHelp
Machilipatnam velle bus lo pregnant ladies ki extra safety mariyu rest kosam emaina seats reserve chestaru?,SeatSelection
రాజమండ్రిలో బోటు ప్రయాణం చేస్తూ భోజనం చేయడానికి అవకాశం ఉందా,FoodAndDining
అరకులోయలో డ్రోన్ కెమెరా వాడటానికి పర్మిషన్ తీసుకోవాలా,TravelTechnology
శ్రీశైలం వెళ్లే దారిలో భారీ మంచు ఉంది కారు డ్రైవింగ్ చేయడం కొంచెం రిస్క్ అనిపిస్తోంది ఆ దారిలో వెళ్లడం సురక్షితమేనా,TravelSafety
కోనసీమలో హౌస్ బోట్ రైడ్ కోసం ఎక్కడ సంప్రదించాలి,AdventureTravel
Vizag lo sunset chudadaniki best spots ekkada unnay Photography ki bavuntunda,Tourism
Suryapet nundi velle bus lo wheelchair user ki lift or ramp facility unda?,Transportation
ఫ్లైట్ రద్దయ్యింది,TravelDisruption
ఈ ఊరిలో వైఫై సిగ్నల్ ఎలా ఉంటుంది,TravelTechnology
Wanaparthy railway station lo pregnant ladies ki special facilities unnaya?,AccessibilitySupport
హైదరాబాద్ ఎయిర్‌పోర్ట్‌లో నా లగేజ్ ట్రాకింగ్ నంబర్ పని చేయడం లేదు నా బ్యాగ్ ఎక్కడుందో తెలుసుకోవడానికి ఏమైనా హెల్ప్ లైన్ నంబర్ ఉందా,LuggageIssue
టాయిలెట్లు బాలేవు,TravelComplaint
విశాఖపట్నం రైల్వే స్టేషన్లో తాగునీరు లేదు టాయిలెట్లు చాలా దారుణంగా ఉన్నాయి ప్రయాణికుల కోసం కనీస సౌకర్యాలు ఎందుకు లేవు,TravelComplaint
train 3 gantalu late ga nadustundi naku important interview miss avtundi,TravelDelay
నెల్లూరులో రవాణా సౌకర్యాలు,Transportation
Nalgonda bus depot lo hearing impaired people ki help chese staff unna?,TravelAssistance
Kadapa nundi velle volvo bus lo pregnant woman ki comfort ga unna seat select chesi ivvagalara?,SeatSelection
Nagarkurnool bus station lo wheelchair user train lo seat varaku velladaniki support?,TravelAssistance
హైదరాబాద్ నుండి వైజాగ్ వెళ్లే ఫ్లైట్ ఎన్ని గంటలకు ఉంది,FlightStatus
నెల్లూరు లో ఆటో సమస్య,TravelComplaint
అరకు లో హోటల్ రేట్లు,Accommodation
నేను ఒంటరిగా ఉన్నాను,TravelSafety
హైదరాబాద్ నుండి శ్రీశైలం వెళ్లడానికి రవాణా సౌకర్యాలు ఎలా ఉన్నాయి రాత్రి పూట ప్రయాణం సురక్షితమేనా,TravelPlanning
రాజమండ్రిలో హోటల్ రూమ్ బుక్ చేశా పేమెంట్ కట్ అయ్యింది కానీ కన్ఫర్మేషన్ మెసేజ్ రాలేదు,TravelTechnology
తిరుమల వెళ్లే దారిలో మంకీ ప్రాబ్లం ఎక్కువగా ఉందని విన్నాను ఏమైనా జాగ్రత్తలు తీసుకోవాలా,TravelSafety
వైజాగ్ లో నేను బీచ్ కి వెళ్లాలి ఎలా వెళ్ళాలి,RoutePlanning
Nizamabad bus depot lo pregnant women ki priority boarding unda?,AccessibilitySupport
అమలాపురం లో హోటల్,Accommodation
నెల్లూరు లో ట్రాన్స్పోర్ట్,Transportation
నేను నా కుటుంబంతో కలిసి వెళ్తున్నాను అక్కడ ఎలా ఉండాలి,TravelPlanning
my pet dog kosam Vizag lo pet friendly homestays unnaaya,PetTravel
ఈ రెస్టారెంట్ రివ్యూ ఎలా ఉంది,TravelReview
emergency ga hospital ki vellali,EmergencyTravel
పాయకరావుపేటలో బస్ కనెక్టివిటీ ఎలా ఉంటుంది,Transportation
Family tho student trip ki Bhadrachalam bavuntunda,TravelRecommendation
అమరావతి సందర్శనకు పర్మిషన్ కావాలా,Tourism
హైదరాబాద్ నుండి విజయవాడకు బస్సు టికెట్ ధర ఎంత ఉంటుంది,FareInquiry
కర్నూలు లో చూడాల్సినవి,Tourism
నా లగేజ్ లో వస్తువులు లేవు,LuggageIssue
సైక్లోన్ వల్ల ట్రైన్ రద్దయ్యింది నేను ఎయిర్ పోర్ట్ కి ఎలా వెళ్ళాలి,TravelDisruption
Srisailam forest route lo ninnati nundi heavy rains road safety gurinchi update ivvandi,TravelSafety
Warangal bus depot lo wheelchair accessibility facilities gurinchi telusukovali?,AccessibilitySupport
Night 12 ki last bus miss ayindi railway station daggaralo safe lodge emaina unnaia,EmergencyTravel
ఈ పండుగ రోజున ఆలయాలు తెరిచి ఉంటాయా,FestivalTravel
Medchal Malkajgiri bus depot lo elderly passengers ki boarding facility unda?,AccessibilitySupport
గేట్ తెలియడం లేదు,NavigationHelp
హైదరాబాద్ లో లాడ్జ్,Accommodation
Ghat road lo sudden weather change ayindi fog ekkuva untundi driving ki safety tips emaina unnaia,TravelSafety
ట్రైన్ లేట్ అవ్వడం వల్ల నేను చాలా ఇబ్బంది పడుతున్నాను,TravelDelay
Nizamabad bus stand lo pregnant women ki priority boarding unda?,AccessibilitySupport
Bhadrachalam temple daggara luggage pettukovadaniki locker facility unda,TravelAssistance
ఎవరో నా బ్యాగ్ లాక్కున్నారు,TravelSafety
విజయవాడ స్టేషన్లో టికెట్ కౌంటర్ ఎక్కడ ఉంది,NavigationHelp
నేను వైల్డ్ లైఫ్ సఫారీకి వెళ్తున్నాను బైనాక్యులర్స్ తీసుకెళ్లాలా,WildlifeTourism
train middle lo agipoindi,TravelDisruption
వైజాగ్ లో బీచ్,Tourism
నెల్లూరులో సెకండ్ హ్యాండ్ బైక్ అద్దెకు దొరుకుతుందా,LocalServices
తిరుపతిలో దర్శనం కోసం ఎన్ని గంటల సమయం పడుతుంది,TravelPlanning
నేను హైదరాబాద్ నుండి బస్సులో వరంగల్ వెళ్తున్నాను బస్సు టైమింగ్స్ కావాలి,TravelPlanning
Nalgonda bus station lo hearing impaired people ki help chese staff unna?,TravelAssistance
Srisailam forest route lo wild animal sightings untaya precaution em teeskovali,TravelSafety
Station lo platform navigation help kavali nenu blind person ni,AccessibilitySupport
Remote area lo network ledu emergency call ela cheyyali,TravelSupport
శ్రీశైలం వెళ్లే మార్గంలో కొండ చరియలు విరిగిపడి రోడ్డు మూసివేశారని తెలిసింది ఇప్పుడు మేము అడవి మార్గంలోనే చిక్కుకుపోయాము ఇక్కడి నుండి వేరే దారి ఉందా,EmergencyTravel
నేను పారాగ్లైడింగ్ చేయాలనుకుంటున్నాను ఎక్కడ బాగుంటుంది,AdventureTravel
Jagtial railway depot lo wheelchair accessibility status entha?,AccessibilitySupport
నేను శ్రీశైలం లో ఉన్నాను అక్కడ దర్శనం ఎలా చేయాలి,Pilgrimage
నేను ఫోటోగ్రఫీ క్లాస్ కి వెళ్తున్నాను స్థానిక ఆర్ట్ బాగుంటుందా,CulturalTourism
బాసర సరస్వతి దేవి ఆలయానికి వెళ్తున్నాను అక్షరాభ్యాసం కోసం అక్కడ ఎటువంటి ఏర్పాట్లు చేసుకోవాలి,Pilgrimage
నేను వైజాగ్ లో బీచ్ దగ్గర ఉన్నాను టాక్సీ ఎలా బుక్ చేయాలి,TravelAssistance
హైదరాబాద్ నుండి తిరుపతికి ఏసీ బస్సులో వెళ్తున్నాను బస్సు టైమింగ్స్ మారుతాయా,BusStatus
చిత్తూరులో ఉన్నాను కాణిపాకం వినాయకుడి ఆలయం వెళ్లడానికి బస్సు రూట్ మ్యాప్ ఎలా ఉంటుంది,NavigationHelp
Jatara ki velle dharilo traffic jam ayindi route change cheyyala,Navigation
ట్రైన్లో నా పక్క సీటులో ఉన్న వ్యక్తి నా ఫోన్ తీసుకెళ్లిపోతుంటే చూశాను ఇప్పుడు ఆ వ్యక్తి ట్రైన్ దిగి పారిపోతున్నాడు ఎవరైనా పట్టుకోండి,TravelSafety
Adilabad railway station lo wheelchair user train lo ekkadaniki support staff ni munduga book cheskovali?,TravelAssistance
Basara temple timings telusukovali,Pilgrimage
వరంగల్ లో హోటల్స్,Accommodation
Medchal Malkajgiri railway station lo elderly passengers ki boarding facility unda?,AccessibilitySupport
warangal lo local market lo authentic handloom sarees ekkada dorkuthayi,LocalMarket
నేను వైల్డ్ లైఫ్ ఫోటోగ్రాఫర్ ని చింతపల్లి అడవుల్లో ఫోటోగ్రాఫిక్ అవకాశం ఎలా ఉంటుంది,WildlifeTourism
సికింద్రాబాద్ స్టేషన్ లో మా ట్రైన్ ఎప్పుడు వస్తుందో తెలియట్లేదు,Transportation
బస్సులో ఎవరూ పట్టించుకోవడం లేదు,TravelComplaint
విశాఖలో నైట్ మార్కెట్ ఎక్కడ జరుగుతుంది,LocalMarket
నేను ఫోటోగ్రఫీ కోసం వెళ్తున్నాను. డ్రోన్ వాడటం లీగల్ ఆ,TravelTechnology
తిరుమల దర్శనం తర్వాత ఎక్కడ ప్రసాదం దొరుకుతుంది,Pilgrimage
హైదరాబాద్ మెట్రోలో నన్ను ఒక వ్యక్తి అసభ్యంగా తాకడానికి ప్రయత్నించాడు నేను చాలా భయపడుతున్నాను వెంటనే సెక్యూరిటీని పంపించండి,TravelSafety
నేను ట్రైన్ దిగాను బస్టాండ్ కి ఎలా వెళ్లాలో తెలియడం లేదు,NavigationHelp
నేను ఎయిర్‌పోర్ట్ లో ఉన్నాను,NavigationHelp
Jagtial railway station lo wheelchair accessibility status entha?,AccessibilitySupport
విశాఖపట్నంలో బర్డ్ వాచింగ్ కి వెళ్ళడానికి బెస్ట్ ఏరియా ఏది,WildlifeTourism
గుంటూరు లో బస్ సౌకర్యం,Transportation
కడప నుండి తిరుపతికి వెళ్లే ఆర్టీసీ బస్సులో సీటు బుక్ చేశాను కానీ కండక్టర్ మా సీటు నంబర్ పక్కన ఉన్న వాళ్లకి ఇచ్చేశాడు,TravelComplaint
కొండపల్లి కోట సందర్శన,Tourism
తిరుపతిలో నేను హోటల్ బుక్ చేశాను చెక్-ఇన్ టైమ్ ఎప్పుడు,TravelPlanning
Photography trip ki best hill station edhi,Tourism
Srisailam forest trip ki ev charging points unnay,LocalServices
హైదరాబాద్ నుండి శ్రీశైలం వెళ్ళడానికి ప్రైవేట్ టాక్సీ రేట్లు ఎంత ఉంటాయి,TravelRecommendation
Jagtial bus station lo wheelchair accessibility status entha?,AccessibilitySupport
కడపలో పర్యాటక ప్రదేశాలకు వెళ్ళడానికి బస్సులు ఎలా ఉంటాయి,Navigation
కాకినాడ రైల్వే స్టేషన్‌లో క్లోక్ రూమ్ లో పెట్టిన నా సూట్‌కేస్ ఆచూకీ తెలియడం లేదు రసీదు చూపిస్తున్నా స్టాఫ్ పట్టించుకోవడం లేదు,LuggageIssue
స్టేషన్ లో సహాయం కావాలి,TravelAssistance
Gadwal bus depot lo pregnant women ki seating arrangements unnaya?,AccessibilitySupport
ఒంగోలులో మంచి శాఖాహార హోటల్స్ ఎక్కడ ఉన్నాయి ఎవరైనా సజెస్ట్ చేస్తారా,FoodAndDining
Jangaon railway station lo kanti choopu leni prayanikulaku braille signage board lu unnaya?,AccessibilitySupport
Hyderabad metro lo card recharge failure ayindi amount account nundi cut ayindi em cheyyali,TravelComplaint
విశాఖపట్నం అరకు ట్రైన్లో లగేజ్ ఎక్కువ ఉంటే ఏమైనా అడుగుతారా,Transportation
ప్రసిద్ధ పుణ్యక్షేత్రం అన్నవరం లో గదులు ఎలా బుక్ చేసుకోవాలి,Pilgrimage
Basara temple ki group ga veltunnam student concession tho bus booking ela cheyyali,TicketBooking
సింహాచలం దర్శనం కోసం వెళ్తున్నాను కొండ కింద నుండి పైకి వెళ్లడానికి బస్సు ఫ్రీక్వెన్సీ ఎంత ఉంటుంది,Pilgrimage
నేను అరకు వెళ్తున్నాను గిరిజన వంటకాలు ట్రై చేయొచ్చా,FoodAndDining
నేను వైజాగ్ లో హోటల్ బుక్ చేసుకున్నాను చెక్-ఇన్ ఎలా చేయాలి,Accommodation
Road construction valla bus route divert ayindi nenu destination miss ayyana,TravelDisruption
అమరావతి లో చూడాల్సినవి,Tourism
Araku lo stay cheyyadaniki budget friendly homestays emaina unte suggest cheyyandi,Accommodation
తిరుపతిలో గెస్ట్ హౌస్ బుక్ చేసుకోవడం ఎలా రిజిస్ట్రేషన్ ప్రక్రియ ఏమిటి,Accommodation
మున్నేరు వాగు దగ్గర ఫోటోగ్రఫీ కోసం వెళ్తున్నాను అక్కడ డ్రోన్ కెమెరా వాడటానికి అనుమతి ఉంటుందా,Tourism
Vizag weather update kavali weekend trip ki safe aa,WeatherTravel
vizag railway station lo luggage locker room ekkada undi nenu ekkadiki vellali,NavigationHelp
Train 4 gantalu late nenu station lo wait chesthunna refreshment room ekkada untundi,PlatformInformation
passport train lo marchipoya,EmergencyTravel
స్థానిక సంస్కృతిని ప్రతిబింబించే పండగలు ఎప్పుడు వస్తాయి,FestivalTravel
Peddapalli bus stand lo blind travelers ki direction signage lu unnay?,NavigationHelp
nenu wrong bus ekkanu,NavigationHelp
హైదరాబాద్ లో ఫ్లైట్ మిస్ అయ్యింది బస్సులో వెళ్లాలా,TravelAssistance
తిరుపతిలో నేను హోటల్ బుక్ చేశాను కానీ నాకు కన్ఫర్మేషన్ మెయిల్ రాలేదు,TicketBooking
నేను నా కుటుంబంతో కలిసి పుణ్యక్షేత్రం వెళ్తున్నాను పిల్లల కోసం ప్రత్యేకమైన ఫుడ్ సౌకర్యం రైలులో ఉంటాయా,TravelPlanning
అమరావతి రైల్వే స్టేషన్‌లో వీల్ చైర్ వాడే వారికి లిఫ్ట్ సౌకర్యం మరియు ప్లాట్‌ఫారమ్ మధ్య గ్యాప్ లేకుండా బోర్డింగ్ సదుపాయం ఉందా?,AccessibilitySupport
ఎదురుగా వస్తున్న వ్యక్తి నా బ్యాగ్ లో ఉన్న నగలు దొంగిలించడానికి ప్రయత్నించాడు అదృష్టవశాత్తూ తప్పించుకున్నాను ఆ వ్యక్తి ఇంకా ట్రైన్లోనే ఉన్నాడు,TravelSafety
నేను ఎక్కడికి వెళ్ళాలి,NavigationHelp
మా కుటుంబం మొత్తం తిరుమల దర్శనానికి వెళ్తున్నాము మా నాయనమ్మకి కీళ్ల నొప్పులు ఉన్నాయి చక్రాల కుర్చీ సదుపాయం కొండ మీద ఎక్కడ అడగాలి,AccessibilitySupport
నా లగేజ్ వేరే బస్సుకి పంపించారు,LuggageIssue
ఈ రెస్టారెంట్ లో ఆన్‌లైన్ పేమెంట్స్ ఆక్సెప్ట్ చేస్తారా,TravelTechnology
నేను రైలు టికెట్ క్యాన్సిల్ చేశాను ఎంత డబ్బులు కట్ అవుతాయి,RefundRequest
హైదరాబాద్ లో హోటల్ ఎక్కడ బాగుంటుంది,TravelPlanning
Srisailam forest route lo night driving allowed ae na,TravelSafety
Vizag nundi araku velle train status check chesi cheppandi,TrainStatus
యాదగిరిగుట్ట వెళ్తున్నాను టెంపుల్ కి దగ్గరలో పార్కింగ్ సదుపాయం ఎలా ఉంది రోడ్ మ్యాప్ గైడెన్స్ కావాలి,NavigationHelp
Mahabubnagar railway depot lo blind travelers ki navigation help unda?,NavigationHelp
రైలులో లగేజ్ పోగొట్టుకున్నాను,LuggageIssue
పశ్చిమ గోదావరిలో నది పొంగింది ఇప్పుడు ferry నడుస్తుందా,WeatherTravel
అన్నవరం వెళ్లే బస్సు ఎప్పుడు బయలుదేరుతుంది,Transportation
ట్రైన్ టికెట్ బుక్ చేశా కానీ నా పేరు తప్పుగా పడింది ఎలా సరి చేసుకోవాలి,TravelSupport
నేను ట్రైన్ కోసం స్టేషన్లో వెయిట్ చేస్తున్నాను ట్రైన్ టైమ్ కి రావడం లేదు ఎవరిని అడగాలి,TrainStatus
విజయవాడలో మంచి బిర్యానీ దొరికే హోటల్ ఏది,FoodAndDining
నేను డిజిటల్ నోమాడ్ ని ఇక్కడ నెట్వర్క్ ఎలా ఉంటుంది,DigitalNomadTravel
కర్నూలులో రాయలసీమ రుచులు దొరికే హోటల్ ఎక్కడ ఉంది,FoodAndDining
రద్దీ వల్ల గాలి ఆడట్లేదు,TravelComplaint
train track meeda accidental ga block ayyindi maku food water em ledu,TravelDisruption
airport lo flight board cheyadam ela,NavigationHelp
కర్నూలు లోకల్ మార్కెట్ లో షాపింగ్ చేయాలి ఏ టైమ్ కి వెళ్తే మంచిది,LocalServices
లగేజ్ దొరకడం లేదు,LuggageIssue
గుంటూరు లో రెస్టారెంట్,FoodAndDining
భద్రాచలం రామయ్య దర్శనానికి వెళ్తున్నాను అక్కడికి దగ్గరలో ఉన్న అతి తక్కువ ధరలో ఉండే వసతి గృహాల వివరాలు కావాలి,Pilgrimage
విజయవాడలో బెస్ట్ స్ట్రీట్ ఫుడ్ సెంటర్స్ ఏవి,FoodAndDining
నా లగేజ్ పాడైంది,LuggageIssue
హైదరాబాద్ లో క్యాబ్ బుక్ చేశాను కానీ డ్రైవర్ ఫోన్ ఎత్తడం లేదు కంప్లైంట్ ఎక్కడ చేయాలి,TravelComplaint
flight ki late ga vachanu ani security vallu harass chestunnaru,TravelComplaint
ఎయిర్‌పోర్ట్ లో బోర్డింగ్ గేట్ ఎక్కడ,NavigationHelp
Mulugu railway station lo blind travelers ki station path clear ga unda?,NavigationHelp
బస్సులో ఎవరూ లేరు,TravelSafety
coorg lo coffee plantation tour review cheppandi,TravelReview
నేను నా ఫ్రెండ్స్ తో కలిసి గ్రామీణ పర్యాటకం చేయాలనుకుంటున్నాను,RuralTourism
విజయవాడ లో దర్శనం,Pilgrimage
నా పెంపుడు కుక్కతో కలిసి స్టే చేయగల హోటల్స్ ఏమైనా ఉన్నాయా,PetTravel
నంద్యాల నుండి బయలుదేరిన కారు టైర్ పంక్చర్ అయ్యింది దగ్గరలో మెకానిక్ ఎవరైనా ఉంటారా,LocalServices
రైలులో సీటు దొరకడం లేదు వేరే ఏవైనా బస్సులు ఉన్నాయా,Transportation
నేను నా కుటుంబంతో కలిసి వెళ్తున్నాను అక్కడ దర్శనం ఎలా జరుగుతుంది,TravelPlanning
Suryapet bus stand lo wheelchair accessibility gurinchi infomation kavali?,AccessibilitySupport
ఈ ప్రాంతంలో ఈకో టూరిజం స్పాట్స్ ఏవి,EcoTourism
మంత్రాలయం దర్శనం కోసం వెళ్తున్నాను అక్కడ రాత్రి ఉండటానికి టీటీడీ తరహా వసతి ఏమైనా ఉందా,Pilgrimage
నేను మా అమ్మతో కలిసి తిరుపతి వెళ్తున్నాను బస్ సౌకర్యం ఎలా ఉంటుంది,TravelPlanning
bus break down ayyi 4 gantalu ayyindi chuttu em ledu chala bhayam ga undi,TravelDisruption
నేను సోలో ట్రావెలర్ ని వైజాగ్ లో బ్యాక్‌ప్యాకింగ్ కి అనువైన హాస్టల్ ఏది,TravelRecommendation
విజయవాడ లో నేను హోటల్ ఎక్కడ బుక్ చేయాలి,TravelPlanning
మా బాబుకి ఆటిజం ఉంది ట్రైన్ ప్రయాణంలో ఏమైనా ప్రత్యేక సదుపాయాలు ఉంటాయా,AccessibilitySupport
నేను ఆర్డర్ చేసిన ఫుడ్ అస్సలు బాలేదు చాలా లేట్ గా వచ్చింది,TravelComplaint
వచ్చే వారం తిరుమల వెళ్తున్నాము మా ముసలి నాయనమ్మకు వీల్ చైర్ కావాలి తిరుపతి స్టేషన్ లో ఎక్కడ సంప్రదించాలి,AccessibilitySupport
Bhadrachalam devalayam velle darilo kanti choopu leni variki nadavadaniki help chese volunteers evaraina untara?,TravelAssistance
గుంటూరు బస్టాండ్లో నా లగేజ్ బ్యాగ్ ఎవరో తీసుకుపోయారు సిసిటివి ఫుటేజ్ కోసం ఎవరిని కలవాలి,LostAndFound
నా పిల్లలు భయపడుతున్నారు,TravelSafety
ఈ ప్రాంతంలో సూర్యోదయం ఫోటోలు తీయడానికి ఎక్కడికి వెళ్ళాలి,TravelPhotography
Bangalore lo pet friendly hotels telugu lo cheppandi,PetTravel
luggage lona bag missing,LuggageIssue
train dorkatledu help,TravelAssistance
తిరుపతి స్టేషన్ నుండి అలిపిరి వరకు వెళ్లడానికి ఆటో ఛార్జీలు ఎలా ఉంటాయి మోసపోకుండా ఏం చేయాలి,TravelAssistance
అమరావతి వెళ్లే బస్సులో ఏసీ సరిగ్గా పనిచేయడం లేదు దీని వల్ల మాకు చాలా ఉక్కపోతగా ఉంది డ్రైవర్ ని అడిగినా స్పందించడం లేదు,TravelComplaint
యాత్రికుల కోసం ప్రత్యేకంగా కండక్ట్ చేసే గైడెడ్ టూర్స్ ఏమైనా ఉన్నాయా,Pilgrimage
సమ్మక్క సారలమ్మ జాతరకు వెళ్లాలి,TravelPlanning
Yadadri temple ki car parking ekkada pettali navigation help cheyyandi,NavigationHelp
తిరుపతిలో నేను దర్శనం ఎలా చేయాలి,TravelPlanning
Mulugu bus station lo wheelchair accessibility work status eppudu finish avuthundi?,AccessibilitySupport
Karimnagar railway depot lo blind travelers ki help chese staff unnara?,TravelAssistance
తిరుపతి నుండి తిరుమల వెళ్లే ఆర్టీసీ బస్సు టైరు పంక్చర్ అయ్యి మధ్య అడవిలో ఆగిపోయింది డ్రైవర్ ఫోన్ పనిచేయడం లేదు మేము అందరం భయాందోళనలో ఉన్నాం,TravelDisruption
తిరుపతిలో దర్శనం కోసం ఎంత టైమ్ పడుతుంది,Pilgrimage
హైదరాబాద్ నుండి వైజాగ్ కి ట్రైన్ టికెట్ ధర ఎంత,FareInquiry
బస్సు సర్వీస్ బాలేదు,TravelComplaint
Mahabubnagar railway station lo blind travelers ki navigation help unda?,NavigationHelp
ట్రైన్ టికెట్ వెయిటింగ్ లిస్ట్ 10 ఉంది కన్ఫర్మ్ అవుతుందా,TravelPlanning
ఈ ప్రాంతంలో ఆదివాసీల హస్తకళలు కొనడానికి మార్కెట్ ఎక్కడ ఉంది,LocalMarket
నేను నా ఫ్రెండ్స్ తో ట్రెక్కింగ్ వెళ్తున్నాను,AdventureTravel
Flight gate change ayindi ani anouncement vinipinchaledu nenu terminal 1 lo unnanu boarding miss ayithe em cheyyali,GateInformation
bus late ga vachindi,TravelDelay
కాశీ యాత్ర ప్లాన్,TravelPlanning
హైదరాబాద్ లో ట్రాఫిక్,Navigation
Peddapalli railway station lo wheelchair user train lo seat varaku velladaniki support staff unnara?,TravelAssistance
బస్సు ప్రమాదం అయ్యింది ఎవరైనా రండి,EmergencyTravel
నేను గేట్ 4 కి వెళ్లాలి కానీ అందరూ గేట్ 1 కి వెళ్లమంటున్నారు,NavigationHelp
మా నాన్నకి మెడికల్ హెల్ప్ కావాలి,EmergencyTravel
హైదరాబాద్ లో రాత్రిపూట బస్సు ఎక్కడ ఎక్కాలి,Transportation
Train ticket booking fail ayindi amount account nundi cut ayindi refund status check cheyandi,RefundRequest
కర్నూలు లోకల్ సర్వీస్ ఎలా ఉంటుంది,LocalServices
నేను ఫ్యామిలీతో వైజాగ్ వెళ్తున్నాను పిల్లల కోసం మంచి ఎంటర్టైన్మెంట్ పార్కులు ఏమైనా ఉన్నాయా,Tourism
secunderabad station lo announcement vinapadatledu nenu blind ni train eppudu vastundo ela telusukovali,AccessibilitySupport
సింహాచలం దర్శనం ఎలా,Pilgrimage
Peddapalli railway depot lo elderly people ki special bus boarding facility unda?,AccessibilitySupport
Araku lo trekking guide kavali,LocalServices
నేను కరీంనగర్ నుండి వరంగల్ వస్తున్నాను బస్సు టైమింగ్స్ మరియు ప్లాట్‌ఫారమ్ నంబర్ ఎలా తెలుసుకోవాలి,BusStatus
coimbatore lo corporate conference kosam best business hotels chudandi,BusinessTravel
Araku lo coffee plantation chudali photography ki baguntunda,Tourism
Annavaram satyanarayana vratam kosam online registration ela cheyyali,Pilgrimage
Gadwal railway station lo pregnant women ki seating arrangements unnaya?,AccessibilitySupport
అరకు లో వెదర్,WeatherTravel
Peddapalli railway depot lo blind travelers ki direction signage lu unnay?,NavigationHelp
నేను వైజాగ్ నుండి అరకు వెళ్తున్నాను ఎలా వెళ్ళాలి,NavigationHelp
udayam sunrise chudadaniki best spot kanyakumari lo cheppandi,NatureTourism
Bhongir bus depot lo hearing impaired people ki info boards unnay?,PlatformInformation
కర్నూలు లో హోటల్,Accommodation
నేను లగేజ్ బ్యాగ్ బస్ డిక్కీలో పెట్టాను కానీ గమ్యస్థానం చేరుకునేసరికి బ్యాగ్ కనిపించడం లేదు దీనికి బాధ్యులు ఎవరు,LuggageIssue
ట్రైన్ లో సహాయం కావాలి,TravelAssistance
Kakinada railway station lo vinikidi lopam unnavari kosam train time gurinchi digital display lu pani chesthunnaya leda cheppandi?,PlatformInformation
నేను ట్రైన్ లో ఉన్నాను తర్వాతి స్టేషన్ ఏంటి,NavigationHelp
హైదరాబాద్ లో ఫుడ్,FoodAndDining
vizag port lo ferry services agipoyayi bad weather valla,TravelDisruption
బస్సు టైమ్ కి రావడం లేదు,TravelDelay
సూర్యాపేటలో నా కారు పాడైంది దగ్గరలో మంచి గ్యారేజ్ ఎక్కడ ఉంది,LocalServices
రాత్రిపూట ఒంటరిగా బస్టాండ్లో ఉన్నాను చుట్టూ కొంతమంది వ్యక్తులు అనుమానాస్పదంగా తిరుగుతున్నారు నాకు చాలా భయంగా ఉంది,TravelSafety
Araku valley lo network ledu navigation kastam ayitundi offline maps download cheyadaniki emaina solution unda,TravelTechnology
అరకు వెళ్లే ట్రైన్ లో సీటు కన్ఫర్మ్ కాలేదు వెయిటింగ్ లిస్ట్ 45 ఉంది ప్రయాణం సాధ్యమవుతుందా,Cancellation
బస్సు ఎప్పుడు వస్తుంది,TravelDelay
kerala munner lo tea gardens photography kosam best time of day,TravelPhotography
ఒంగోలులో వారం రోజుల పాటు ఉండాలి మంచి అపార్ట్మెంట్ సజెస్ట్ చేయండి,Accommodation
వరంగల్ లో చూడాల్సినవి,Tourism
Waiting list 30 undi train ki station lo ticket cancel chesi current booking cheyocha,WaitingList
Peddapalli bus depot lo blind travelers ki direction signage lu unnay?,NavigationHelp
తిరుమల వెళ్లే దారిలో బస్సు ఎక్కడ ఆగుతుంది,Transportation
Mulugu bus depot lo blind travelers ki station path clear ga unda?,NavigationHelp
హైదరాబాద్ నుండి వైజాగ్ ఫ్లైట్ లో ఫుడ్ కి డబ్బులు కట్టాలా,TravelPlanning
నేను రైలులో ఉన్నాను తర్వాతి స్టేషన్ ఎప్పుడు వస్తుంది,NavigationHelp
Yadadri temple ki night arrival ayithe room dorkuthunda,Accommodation
Jogulamba Gadwal railway station lo pregnant women ki medical support unda?,TravelAssistance
నేను వరంగల్ నుండి హైదరాబాద్ బస్సులో వస్తుండగా నా టికెట్ బుకింగ్ ఫెయిల్ అయ్యిందని మెసేజ్ వచ్చింది కానీ డబ్బులు నా అకౌంట్ నుండి కట్ అయ్యాయి,RefundRequest
ట్రైన్ టికెట్ క్యాన్సిల్ చేయాలి,RefundRequest
నేను బ్యాక్‌ప్యాకర్ ని తక్కువ బడ్జెట్ లో ఎలా ఉండాలి,TravelRecommendation
నేను నా కుటుంబంతో కలిసి వరంగల్ వెళ్తున్నాను వెళ్ళడానికి బస్సులో సీట్లు ఎలా బుక్ చేయాలి,TravelPlanning
తిరుపతిలో రాత్రి పూట తిరగడానికి సేఫ్ అయిన ఏరియా ఏది,TravelRecommendation
Peddapalli bus station lo blind travelers ki direction signage lu unnay?,NavigationHelp
నేను వరంగల్ లో ఉన్నాను మా ఫ్రెండ్ వైజాగ్ నుండి ట్రైన్ లో వస్తున్నారు ట్రైన్ ఎప్పుడు వస్తుందో స్టేటస్ ఎలా చూడాలి,TrainStatus
Kamareddy bus station lo elderly travelers ki platform bridge lift unda?,AccessibilitySupport
విజయవాడలో నైట్ లైఫ్ ఎలా ఉంటుంది,LocalEvents
ముక్కోటి ఏకాదశి రోజున భద్రాచలం ఆలయంలో భక్తుల తాకిడి ఎలా ఉంటుంది,TravelPlanning
శ్రీశైలం ఘాట్ రోడ్డులో కారు పాడైంది డ్రైవర్ ఫోన్ కలవట్లేదు ఫారెస్ట్ ఏరియాలో ఎక్కడికి వెళ్లాలో తెలియడం లేదు,EmergencyTravel
Flight boarding pass digital ga unda leda print tesukovali,TravelPlanning
తిరుపతి లో రూమ్ సమస్య,TravelComplaint
సప్తగిరి ఎక్స్‌ప్రెస్ రిజర్వేషన్ క్యాన్సిల్ అయింది ఇప్పుడు ప్రత్యామ్నాయ మార్గం ఏంటి,Cancellation
రైల్వే స్టేషన్ లో అకస్మాత్తుగా కరెంట్ పోయింది చీకట్లో నా లగేజ్ దొంగిలించబడింది,LuggageIssue
కాశీ యాత్ర ప్లానింగ్,TravelPlanning
నాగార్జున సాగర్ లో బోటింగ్ టికెట్లు ఆన్‌లైన్ లో దొరుకుతాయా ఎక్కువ రద్దీగా ఉండే రోజులు ఏవి,Tourism
తిరుమల దర్శనానికి వెళ్తున్నాను ప్రత్యేక ప్రవేశ దర్శనం టికెట్ ఆన్‌లైన్లో ఎలా బుక్ చేసుకోవాలో ఒకసారి వివరించండి,Pilgrimage
నేను నా కుటుంబంతో కలిసి ట్రిప్ వెళ్తున్నాను సలహాలు ఇవ్వండి,TravelRecommendation
నేను ఒంగోలు స్టేషన్లో ఉన్నాను ట్రైన్ 30 నిమిషాలు లేట్ అని బోర్డు మీద ఉంది నా నెక్స్ట్ జర్నీ ఏంటి,TravelDelay
నేను వైల్డ్ లైఫ్ ఫోటోగ్రాఫర్ ని,WildlifeTourism
ప్రకాశం బ్యారేజ్ దగ్గర బోటింగ్ ఎప్పుడు ప్రారంభిస్తారు FamilyTrip కోసం బాగుంటుందా,Tourism
హైదరాబాద్ ఎంఎంటిఎస్ ట్రైన్ లో ఎవరో నా ఫోన్ దొంగిలించారు నేను ఇప్పుడు ఎవరికీ ఫోన్ చేయలేకపోతున్నాను సహాయం కావాలి,TravelSafety
విజయవాడ నుండి గుంటూరు వెళ్లే లోకల్ ట్రైన్ రన్నింగ్ స్టేటస్ ఏంటి,Navigation
నేను ఫోటోగ్రఫీ ట్రిప్ కి వెళ్తున్నాను,TravelPhotography
Basara Saraswathi temple ki velle group travel kosam 20 seats block cheyyali process cheppandi,TicketBooking
నా కుక్క పిల్లతో కలిసి వెళ్ళడానికి బెస్ట్ పార్క్ ఏది,PetTravel
అన్నవరం గుడికి వెళ్ళా ఫోన్ కవరేజ్ లేదు మా వాళ్లకు ఎలా సమాచారం ఇవ్వాలి,TravelSupport
Hyderabad to Vizag train cancellation ayindi refund status check chesi alternative bus route emaina undemo chudandi,Cancellation
నాకు వీల్ చైర్ కావాలి,AccessibilitySupport
Mulugu bus depot lo wheelchair accessibility work status eppudu finish avuthundi?,AccessibilitySupport
ఫ్లైట్ ఎక్కే గేట్ ఏది,NavigationHelp
విజయవాడలో నేను ఆటోలో వెళ్తున్నాను మీటర్ తో వెళ్లే ఆటో ఎలా దొరుకుతుంది,Transportation
యాత్రికుల రద్దీ వల్ల బస్సులు దొరకడం లేదు అన్నవరం నుండి సామర్లకోట వెళ్లడానికి ఏదైనా ప్రైవేట్ వాహనం దొరుకుతుందా,Transportation
హైదరాబాద్ బస్టాండ్లో ఈరోజు చాలా రద్దీగా ఉంది రిజర్వేషన్ కౌంటర్ ఎక్కడ ఉంది,LocalServices
భద్రాచలం రామయ్య ఆలయానికి వెళ్లే ముందు రిజిస్ట్రేషన్ చేయాలా,Pilgrimage
కాశీ యాత్ర కి బడ్జెట్ ఎంత,TravelPlanning
కోనసీమలో రాత్రి వేళల్లో జరిగే స్థానిక ఉత్సవాల వివరాలు కావాలి,FestivalTravel
Nagarkurnool railway depot lo wheelchair user train lo seat varaku velladaniki support?,TravelAssistance
నేను విదేశాల నుండి వస్తున్నాను తిరుపతి దర్శనం కోసం ప్రత్యేక కౌంటర్లు ఏమైనా ఉంటాయా,Pilgrimage
బస్సులో నా పక్క సీటులో కూర్చున్న వ్యక్తి అసభ్యంగా ప్రవర్తిస్తున్నాడు నేను చాలా ఇబ్బందిగా ఫీలవుతున్నాను కండక్టర్ సహాయం అడిగినా పట్టించుకోవడం లేదు,TravelSafety
Jogulamba Gadwal railway station lo elderly travelers ki platform access ela undi?,AccessibilitySupport
హైదరాబాద్ లో రాత్రి 1 గంటకి క్యాబ్ బుక్ చేస్తే డ్రైవర్ క్యాన్సిల్ చేశాడు ఈ సమయంలో నేను ఎక్కడికి వెళ్లాలి,TravelDisruption
మా బాబుకి జ్వరం దగ్గరలో డాక్టర్ ఎక్కడ ఉంటారు,EmergencyTravel
భద్రాచలం లో ఉన్నాను టెంపుల్ నుండి బస్టాండ్ కి ఎలా వెళ్ళాలి,NavigationHelp
Kurnool lo hotel room lo electricity problem help cheyyandi,TravelAssistance
సికింద్రాబాద్ స్టేషన్లో ప్లాట్‌ఫామ్ ఎక్కడో అర్థం కావట్లేదు గైడెన్స్ కావాలి,Navigation
నేను సీనియర్ సిటిజన్ ని తిరుపతిలో వీల్ చైర్ సదుపాయం ఎక్కడ అడగాలి,Pilgrimage
శ్రీశైలం మార్గం,Navigation
Warangal bus station lo wheelchair accessibility facilities gurinchi telusukovali?,AccessibilitySupport
Flight cancel ayindi amount refund ki airline portal lo request petta kani status inka pending,RefundRequest
airport cab dorakatledu,TravelAssistance
ట్రైన్ టికెట్ బుకింగ్ ఫెయిల్ అయ్యింది కానీ డబ్బులు కట్ అయ్యాయి,TravelSupport
Bhimavaram railway station lo elderly people ki platform maarpulu gurinchi evaraina inform chesthara?,PlatformInformation
ఎయిర్‌పోర్ట్‌లో చాలా సేపు లైన్లో నిల్చున్నాను,TravelComplaint
నేను బుక్ చేసిన హోటల్ రూమ్ లోకి ఎవరో బయటి వ్యక్తి రావడానికి ప్రయత్నించారు హోటల్ స్టాఫ్ ఎవరూ రెస్పాండ్ అవ్వడం లేదు,TravelSafety
bus driver rash driving chestunnadu,TravelSafety
ట్రెక్కింగ్ కి వెళ్ళేటప్పుడు గైడ్ ని తీసుకోవడం అవసరమా,AdventureTravel
ఈ ఊరిలో ఫేమస్ పచ్చళ్లు ఎక్కడ దొరుకుతాయి,Shopping
konaseema lo rural tourism package details,RuralTourism
Rangareddy bus station lo wheelchair users ki special access lane unda?,AccessibilitySupport
తిరుపతిలో రూమ్ బుకింగ్ సమస్య,TravelComplaint
కర్నూలు నుండి బయలుదేరిన బస్సు పాడిపాడు దగ్గర ఆగిపోయింది డ్రైవర్ ఏమీ చెప్పడం లేదు కంప్లైంట్ ఎక్కడ ఇవ్వాలి,TravelComplaint
నేను విలేజ్ టూర్ కి వెళ్తున్నాను ఏం తీసుకెళ్లాలి,TravelGuide
Medak bus stand lo pregnant women kosam special seating arrangements emaina unnaya?,AccessibilitySupport
Annavaram temple lo prasadam line chala peddaga undi fast darshanam kosam emina option unda,TicketBooking
Vizag lo vegetarian food best place,FoodAndDining
ట్రైన్ లేట్ అయ్యింది,TravelDelay
Simhachalam temple darshan ki velle bus frequency chala thakkuva undi local auto rent cheskovala,Transportation
Vizag airport lo luggage vere city ki pampincharu complaint book chesi status update ivvandi,TravelComplaint
metro card lo balance undi kani gate open avvatledu morning office ki late avtundi,TravelComplaint
విజయవాడలో ఎక్స్‌ప్లోర్ చేయడానికి బెస్ట్ ప్లేస్ ఏది,TravelRecommendation
Nalgonda railway station lo hearing impaired people ki help chese staff unna?,TravelAssistance
నేను హైదరాబాద్ లో ఉన్నాను ఈ వీకెండ్ ట్రిప్ కోసం మంచి రిసార్ట్ ఒకటి చెప్పండి,Accommodation
హైదరాబాద్ నుండి వైజాగ్ వెళ్లే విమానం భారీ వర్షాల వల్ల రద్దయింది నేను రేపు మధ్యాహ్నం వరకు అక్కడ చేరుకోవాలి ప్రత్యామ్నాయ రైలు లేదా బస్సు మార్గం ఏమైనా ఉందా,TravelDisruption
ahobilam trek route gurinchi guide review cheppandi,TravelReview
సోలో ట్రిప్ వెళ్లే మహిళల కోసం వైజాగ్ లో సేఫ్ హోటల్స్ ఏవి,TravelSafety
ఏలూరులో ఏదైనా మంచి హోటల్ సజెస్ట్ చేయండి,Accommodation
అన్నవరం వెళ్లే మార్గంలో బస్సు ప్రమాదానికి గురైంది మా వాళ్లకి తీవ్రమైన గాయాలు అయ్యాయి వెంటనే ఆంబులెన్స్ పంపండి,EmergencyTravel
నాగార్జున సాగర్ లో ఫ్యామిలీతో ఉండటానికి మంచి రిసార్ట్ ఏది,Accommodation
శ్రీశైలం లో ఇప్పుడు భక్తుల తాకిడి ఎలా ఉంది,Pilgrimage
bangalore flight miss ayya heavy rain valla traffic lo unnanu nenu next flight ki allow chestara,TravelDisruption
గుంటూరు లో ఫుడ్,FoodAndDining
Bhongir railway station lo elderly travelers ki platform bridge meedha lift facility unda?,AccessibilitySupport
బస్సు సర్వీస్ దారుణం,TravelComplaint
ట్రైన్ లో ఎవరో నా భార్య పట్ల అనుచితంగా ప్రవర్తిస్తున్నారు వెంటనే రైల్వే పోలీసులను పంపించండి,TravelSafety
నేను రైల్వే స్టేషన్ వెతుకుతున్నాను,NavigationHelp
నా బ్యాగ్ దొంగిలించారు,LuggageIssue
Vizag beach lo sudden high tide alert unda swimming safe aa,WeatherTravel
వరంగల్ లో మంచి హోటల్ రికమెండ్ చేయండి,Accommodation
రైలులో సీటు మార్చుకోవడం కోసం టిటిఈ ని అడగాలి కానీ ఆయన ఏసీ కోచ్ నుండి బయటకి రావట్లేదు ఎవరిని అడగాలి,SeatSelection
తిరుపతిలో దర్షన్ టికెట్స్ ఆన్లైన్లో దొరకట్లేదు ఏం చేయాలి,Pilgrimage
Khammam bus stand lo hearing impaired travelers ki visual indicators unnay?,PlatformInformation
నేను ఆర్గానిక్ ఫుడ్ తినాలనుకుంటున్నాను ఇక్కడ ఏమైనా మార్కెట్లు ఉన్నాయా,LocalMarket
Rangareddy railway depot lo wheelchair users ki special access lane unda?,AccessibilitySupport
అన్నయ్య! రేపు ఎండ ఎక్కువ ఉంటుందా తూర్పు తీరంలో పర్యటనకు ఇది సరైన సమయమేనా,WeatherTravel
రాజమండ్రిలో గోదావరి గట్టున మంచి రెస్టారెంట్స్ ఏవి,FoodAndDining
విశాఖపట్నం ఎయిర్ పోర్ట్ కి ఎలా వెళ్ళాలి,Navigation
Kothagudem bus depot lo pregnant ladies ki rest room facility unda?,AccessibilitySupport
నా ఫోన్ దొంగిలించబడింది,TravelSafety
కాకినాడ నుండి అమలాపురం వెళ్లే ఆర్టీసీ బస్సులో ఒకే సీటుకి ఇద్దరికి టికెట్లు ఇచ్చారు ఇప్పుడు మేము ఎక్కడ కూర్చోవాలి,TravelComplaint
Bhongir bus station lo hearing impaired people ki info boards unnay?,PlatformInformation
అరకులోయలో బెస్ట్ కాఫీ షాప్ ఏది,FoodAndDining
Flight emergency landing ayindi next step emiti,EmergencyTravel
Srisailam velladaniki Hyderabad nundi bus timings entha night travel safe aa,TravelPlanning
కరీంనగర్ లో మంచి హోటల్ ఏది,Accommodation
ఈ ప్రాంతంలో గ్రీన్ టూరిజం ప్రమోట్ చేసే హోటల్స్ ఏవి,EcoTourism
పశ్చిమ గోదావరిలో పడవ ప్రయాణం సురక్షితమేనా,TravelSafety
నేను భయపడుతున్నాను,TravelSafety
Kamareddy railway depot lo elderly travelers ki platform bridge lift unda?,AccessibilitySupport
చాలా రద్దీగా ఉంది,TravelComplaint
Gokarna lo night camping spots kosam backpackers community help kavali,TravelCommunity
నేను ఫ్లైట్ టికెట్ బుక్ చేశాను దాన్ని ఎలా క్యాన్సిల్ చేయాలి,TicketCancellation
విశాఖలో బీచ్ లో ఫోటోలు తీయడానికి మంచి టైమింగ్ ఏది,TravelPhotography
బస్సు ఎందుకు ఆగింది,TravelDelay
Srisailam temple accommodation online book chesukunna kani vellaka room isthara leda,TicketBooking
అరకు ట్రిప్ కోసం ఎంత బడ్జెట్ కావాలి,TravelPlanning
Srisailam ghat road lo car breakdown ayindi signal ledu urgent ga mechanic number ivvandi,EmergencyTravel
Nizamabad bus station lo pregnant women ki priority boarding unda?,AccessibilitySupport
Tourist guide chala money demand chestunnadu Hampi lo official guide rates entha untayi,TravelRecommendation
విజయవాడలో మంచి మ్యూజియం ఏది,CulturalTourism
Adilabad railway depot lo elderly people ki luggage transport service unda?,TravelAssistance
Orey ee Vijayawada road meeda traffic chala undi route divert ayyindi em cheyyali,NavigationHelp
లగేజ్ పాడైపోయింది,LuggageIssue
నేను నా కుటుంబంతో వెళ్తున్నాను మాకు ఒకే కంపార్ట్మెంట్ లో సీట్లు కావాలి అది ఎలా సాధ్యం,SeatSelection
Bus driver rash ga driving chestunnadu ee route lo safety complaint ekkada cheyyali,TravelComplaint
Mahabubnagar nundi velle special train lo blind passenger ki guide cheyadaniki emaina arrangements untaya?,TravelAssistance
నేను హోటల్ బుక్ చేశాను కానీ వెళ్లేసరికి గది క్లీన్‌గా లేదు మేనేజర్‌ని అడిగితే పట్టించుకోవడం లేదు,Accommodation
నాకు మెడికల్ ఎమర్జెన్సీ ఉంది,EmergencyTravel
wildlife photography kosam Nagarjuna Sagar srisailam tiger reserve best time,WildlifeTourism
నేను వైజాగ్ లో ఉన్నాను మా ఊరు వెళ్లడానికి ట్రైన్ టికెట్ ఎలా బుక్ చేయాలి,TicketBooking
Kothagudem railway station lo pregnant ladies ki rest room facility unda?,AccessibilitySupport
ట్రెక్కింగ్ కి వెళ్ళేప్పుడు జలపాతాల దగ్గర జాగ్రత్తలు ఏమి తీసుకోవాలి,AdventureTravel
bus lona charger point work avvatledu naku phone chala important urgent help,TravelComplaint
అరకులోయ వెళ్తున్నాము కుటుంబంతో కలిసి ఉండటానికి మంచి హోమ్ స్టేలు లేదా రిసార్ట్స్ ఏమైనా సజెస్ట్ చేస్తారా,Accommodation
Siddipet railway depot lo elderly people ki platform access ela unda?,AccessibilitySupport
train signal problem late,TravelDelay
nenu oka photographer ni Vizag beach lo sunrise shoot cheyadaniki best camera angles ekkada untayi,TravelPhotography
Basara lo akkasharaabhyasam ki em docs kavali,Pilgrimage
Jagtial bus stand lo wheelchair accessibility status entha?,AccessibilitySupport
Hotel cancellation charges entha,RefundRequest
Simhachalam temple darshan timings entha evening velthe raddi ekkuva untunda,Pilgrimage
హైదరాబాద్ లో ఫ్యామిలీ కోసం మంచి సమ్మర్ వెకేషన్ స్పాట్స్ ఏవి సజెస్ట్ చేస్తారు,TravelRecommendation
Kurnool nundi Bangalore velle bus lo luggage compartment lo damage ayindi bag lo unna clothes padayipoyayi,LuggageIssue
నేను ఫ్యామిలీతో వస్తున్నాను పిల్లల కోసం మంచి ప్లేస్ ఏది,NatureTourism
బస్సులో దొంగతనం జరిగింది,TravelSafety
హైదరాబాద్ నుండి వైజాగ్ కి ఫ్లైట్ టికెట్ రేటు ఎంత,FareInquiry
airport lo na backpack kanipinchatledu checkin counter vallu chustunnam antunnaru 3 gantalu ayyindi,LuggageIssue
Basara temple ki vellali nenu blind person ni akkada wheelchair support untunda,AccessibilitySupport
మచిలీపట్నం నుండి విజయవాడ వెళ్లే లోకల్ ట్రైన్ స్టేటస్ అప్డేట్ ఎక్కడ చూడాలి,TrainStatus
నేను రైలు టికెట్ క్యాన్సిల్ చేశాను రీఫండ్ ఎలా వస్తుంది,RefundRequest
స్థానిక మార్కెట్ లో ఏమేమి దొరుకుతాయి,LocalMarket
vizag bus stand lo naa bag pilcheru ani anumanam ga undi evarini contact cheyali,TravelSafety
నెల్లూరులో సీ ఫుడ్ ఎక్కడ బాగుంటుంది,FoodAndDining
విజయవాడలో ఈరోజే జరిగే ఈవెంట్స్ ఏవి,LocalEvents
Forest route lo car engine heat ayindi mechanic ni kalavala,TravelSupport
Mulugu railway station lo wheelchair accessibility work status eppudu finish avuthundi?,AccessibilitySupport
తిరుపతి లో దర్షన్ టైమింగ్స్,Pilgrimage
nenu train lo unnanu naa seat daggara oka ammayini evaro disturb chestunnaru plss rpf vallaki cheppandi,TravelSafety
Khammam bus station lo hearing impaired travelers ki visual indicators unnay?,PlatformInformation
మధ్యాహ్నం 2 గంటలకు కొండపల్లి కోటలో ఉన్నాను ఇక్కడి నుండి దగ్గర్లోని రైల్వే స్టేషన్ కి ఎలా వెళ్ళాలి,Navigation
Jatara ki velle bus delay ayindi akkada hotel booking cancel cheyala leda weather report kuda cheppandi,TravelSupport
నేను నా లగేజ్ ని ఎక్కడైనా భద్రపరుచుకోవచ్చా,TravelAssistance
Online booking confirmation fake ani telisindi hotel vallu room ivvatledu,TravelComplaint
కర్నూలులో మంచి హోటల్ బుక్ చేయండి,Accommodation
ట్రైన్ లేట్ అవుతోంది నేను కనెక్టింగ్ ఫ్లైట్ మిస్ అవుతాను,TravelSupport
Hotel booking confirm ayindi kani location chuste chala dooram ga undi change cheskovacha,TravelSupport
Ghat road travel chestunna car puncture ayindi,EmergencyTravel
రాజమండ్రి బోటు ప్రయాణంలో నా లగేజీ బ్యాగ్ నీటిలో పడిపోయింది నా ఐడి కార్డులు మరియు బట్టలు అన్ని అందులోనే ఉన్నాయి అది దొరకడానికి ఏమైనా మార్గం ఉందా,LuggageIssue
badrinath yatra kosam pilgrims ki best travel app list kavali,TravelTechnology
Ongole nundi velle rail la lo chakrala kurchi vade variki berth reservation mariyu toilet soukaryam ela manage chestharu?,AccessibilitySupport
Ramagundam train station lo kanti choopu leni vyakthi station gate nundi platform varaku reach avvadaniki help chestaru?,NavigationHelp
విజయవాడ నుండి ట్రెక్కింగ్ కి వెళ్ళే మార్గాలు ఏమిటి,AdventureTravel
కాశీ యాత్ర ట్రైన్ టికెట్,TravelPlanning
మా ఊరి నుండి పాతపట్నం వెళ్ళే లాస్ట్ బస్సు మిస్ అయ్యింది ఇప్పుడు ఎక్కడైనా రూమ్ దొరుకుతుందా చాలా ఇబ్బందిగా ఉంది సహాయం చేయండి,TravelSupport
హైదరాబాద్ బస్టాండ్లో నా లగేజ్ దొంగిలించబడింది,TravelComplaint
నేను తిరుపతి లో ఉన్నాను గది దొరకడం లేదు,Accommodation
భద్రాచలం ఆలయానికి వెళ్లేందుకు మా స్కూల్ పిల్లలతో కలిసి ట్రిప్ ప్లాన్ చేస్తున్నాము గ్రూప్ టికెట్ బుకింగ్ కోసం ఎవరిని సంప్రదించాలి,TravelPlanning
Eluru bus station lo vinikidi lopam unnavari ki bus timings gurinchi info icche visual board lu unnaya?,PlatformInformation
విజయవాడ స్టేషన్లో నా బ్యాగ్ మర్చిపోయాను,LuggageIssue
Backpacking ki Hampi ki velthunna cheap and safe accommodation suggestions ivvandi,Accommodation
నేను రైలు టికెట్ క్యాన్సిల్ చేశాను రీఫండ్ ఎప్పుడు వస్తుంది,RefundRequest
కొండపల్లి కోట ఎప్పుడు తెరుస్తారు,Tourism
Srisailam daggara local guide dorkuthada forest area kabatti bayam ga undi,LocalServices
నేను నా కుటుంబంతో కలిసి వెళ్తున్నాను అక్కడ హోటల్ లో ఎలా ఉండాలి,TravelPlanning
హైదరాబాద్ నుండి వైజాగ్ వెళ్లే బస్సులో లగేజ్ ఎలా తీసుకెళ్లాలి,LuggageIssue
నేను అరకు వెళ్తున్నాను అక్కడ ఏమి చూడాలి,Tourism
వృద్ధుల కోసం ప్రత్యేకమైన వీల్ చైర్ సౌకర్యం విజయవాడ స్టేషన్లో లేదని చెప్పారు మా అమ్మ నడవలేరు ట్రైన్ ఎక్కడానికి సహాయకులు ఎక్కడ దొరుకుతారు,AccessibilitySupport
అన్నవరం వెళ్లే దారిలో బస్సు చెడిపోయింది అందరం వర్షంలో తడుస్తున్నాము,TravelDisruption
నేను హైదరాబాద్ నుండి అరకు వెళ్తున్నాను ట్రైన్ టికెట్ ఎలా బుక్ చేసుకోవాలి,TravelPlanning
బస్సు ఇంజన్ చెడిపోయింది,TravelDisruption
flight food waste,TravelComplaint
vizag lo beach road deggara cab driver natho rudely behave chestunnadu nenu complaint ivvali,TravelComplaint
విజయవాడ రైల్వే స్టేషన్ లో నా పిల్లలు ఇద్దరూ ఉన్నారు నేను వాళ్ల కోసం వెయిటింగ్ రూమ్ లో వెయిట్ చేయచ్చా,TravelSafety
పల్లెటూరు జాతరకు వెళ్తున్నాం అక్కడ ఉండటానికి గెస్ట్ హౌస్ ఉంటుందా,Accommodation
